transactionId,amount,currency,paymentMethod,merchantId,customerReference,transactionStatus,transactionTimestamp
TXN-82941,5000.0,INR,UPI,MER-1042,ORD-90000,PENDING,2026-08-01 08:00:55
TXN-90001,1999.0,INR,CARD,MER-1022,ORD-90001,SUCCESS,2026-08-01 08:09:21
TXN-90002,3499.0,INR,UPI,MER-1075,ORD-90002,PENDING,2026-08-01 08:17:05
TXN-90003,3499.0,INR,CARD,MER-1057,ORD-90003,SUCCESS,2026-08-01 08:24:53
TXN-90004,8999.0,INR,UPI,MER-1030,ORD-90004,SUCCESS,2026-08-01 08:28:12
TXN-90005,499.0,INR,UPI,MER-1097,ORD-90005,SUCCESS,2026-08-01 08:37:37
TXN-90006,1250.0,INR,NETBANKING,MER-1057,ORD-90006,SUCCESS,2026-08-01 08:46:13
TXN-90007,1250.0,INR,NETBANKING,MER-1073,ORD-90007,SUCCESS,2026-08-01 08:51:20
TXN-90008,4200.0,INR,CARD,MER-1092,ORD-90008,PENDING,2026-08-01 09:00:29
TXN-90009,2499.0,INR,UPI,MER-1019,ORD-90009,SUCCESS,2026-08-01 09:03:08
TXN-90010,799.0,INR,UPI,MER-1097,ORD-90010,SUCCESS,2026-08-01 09:14:02
TXN-90011,199.0,INR,UPI,MER-1097,ORD-90011,FAILED,2026-08-01 09:21:52
TXN-90012,4999.0,INR,NETBANKING,MER-1092,ORD-90012,SUCCESS,2026-08-01 09:27:50
TXN-90013,4200.0,INR,NETBANKING,MER-1020,ORD-90013,SUCCESS,2026-08-01 09:35:02
TXN-90014,4999.0,INR,NETBANKING,MER-1020,ORD-90014,SUCCESS,2026-08-01 09:43:00
TXN-90015,799.0,INR,NETBANKING,MER-1045,ORD-90015,SUCCESS,2026-08-01 09:45:22
TXN-90016,299.0,INR,CARD,MER-1045,ORD-90016,SUCCESS,2026-08-01 09:56:40
TXN-90017,499.0,INR,CARD,MER-1048,ORD-90017,SUCCESS,2026-08-01 10:03:00
TXN-90018,199.0,INR,UPI,MER-1076,ORD-90018,SUCCESS,2026-08-01 10:10:00
TXN-90019,8999.0,INR,UPI,MER-1081,ORD-90019,SUCCESS,2026-08-01 10:15:00
TXN-90020,1599.0,INR,UPI,MER-1012,ORD-90020,PENDING,2026-08-01 10:23:12
TXN-90021,499.0,INR,NETBANKING,MER-1091,ORD-90021,SUCCESS,2026-08-01 10:29:02
TXN-90022,12500.0,INR,CARD,MER-1083,ORD-90022,SUCCESS,2026-08-01 10:35:02
TXN-90023,1999.0,INR,UPI,MER-1064,ORD-90023,SUCCESS,2026-08-01 10:46:52
TXN-90024,4999.0,INR,CARD,MER-1029,ORD-90024,SUCCESS,2026-08-01 10:52:14
TXN-90025,499.0,INR,NETBANKING,MER-1005,ORD-90025,SUCCESS,2026-08-01 10:58:58
TXN-90026,199.0,INR,CARD,MER-1008,ORD-90026,SUCCESS,2026-08-01 11:06:23
TXN-90027,199.0,INR,NETBANKING,MER-1021,ORD-90027,SUCCESS,2026-08-01 11:14:26
TXN-90028,999.0,INR,NETBANKING,MER-1070,ORD-90028,SUCCESS,2026-08-01 11:17:49
TXN-90029,1999.0,INR,UPI,MER-1067,ORD-90029,FAILED,2026-08-01 11:23:08
TXN-90030,1599.0,INR,CARD,MER-1079,ORD-90030,SUCCESS,2026-08-01 11:31:21
TXN-90031,6750.0,INR,CARD,MER-1047,ORD-90031,SUCCESS,2026-08-01 11:41:50
TXN-90032,999.0,INR,UPI,MER-1025,ORD-90032,SUCCESS,2026-08-01 11:44:31
TXN-90033,4999.0,INR,NETBANKING,MER-1015,ORD-90033,SUCCESS,2026-08-01 11:51:59
TXN-90034,499.0,INR,UPI,MER-1079,ORD-90034,SUCCESS,2026-08-01 11:59:49
TXN-90035,1599.0,INR,CARD,MER-1008,ORD-90035,SUCCESS,2026-08-01 12:08:55
TXN-90036,799.0,INR,NETBANKING,MER-1024,ORD-90036,SUCCESS,2026-08-01 12:15:27
TXN-90037,6750.0,INR,CARD,MER-1067,ORD-90037,SUCCESS,2026-08-01 12:23:02
TXN-90038,299.0,INR,NETBANKING,MER-1052,ORD-90038,SUCCESS,2026-08-01 12:27:35
TXN-90039,2499.0,INR,NETBANKING,MER-1032,ORD-90039,PENDING,2026-08-01 12:34:13
TXN-90040,12500.0,INR,UPI,MER-1068,ORD-90040,SUCCESS,2026-08-01 12:41:52
TXN-90041,299.0,INR,CARD,MER-1052,ORD-90041,SUCCESS,2026-08-01 12:50:46
TXN-90042,12500.0,INR,NETBANKING,MER-1031,ORD-90042,SUCCESS,2026-08-01 12:58:09
TXN-90043,1599.0,INR,CARD,MER-1087,ORD-90043,SUCCESS,2026-08-01 13:06:37
TXN-90044,799.0,INR,NETBANKING,MER-1090,ORD-90044,SUCCESS,2026-08-01 13:10:25
TXN-90045,12500.0,INR,CARD,MER-1018,ORD-90045,SUCCESS,2026-08-01 13:15:47
TXN-90046,2499.0,INR,CARD,MER-1062,ORD-90046,SUCCESS,2026-08-01 13:24:59
TXN-90047,3499.0,INR,NETBANKING,MER-1011,ORD-90047,SUCCESS,2026-08-01 13:31:38
TXN-90048,3499.0,INR,UPI,MER-1086,ORD-90048,SUCCESS,2026-08-01 13:37:12
TXN-90049,4999.0,INR,UPI,MER-1023,ORD-90049,SUCCESS,2026-08-01 13:46:54
TXN-90050,2899.0,INR,CARD,MER-1087,ORD-90050,SUCCESS,2026-08-01 13:53:36
TXN-90051,1599.0,INR,UPI,MER-1003,ORD-90051,SUCCESS,2026-08-01 14:00:24
TXN-90052,4999.0,INR,NETBANKING,MER-1060,ORD-90052,SUCCESS,2026-08-01 14:04:36
TXN-90053,4200.0,INR,NETBANKING,MER-1006,ORD-90053,SUCCESS,2026-08-01 14:14:10
TXN-90054,999.0,INR,CARD,MER-1017,ORD-90054,SUCCESS,2026-08-01 14:22:11
TXN-90055,4999.0,INR,CARD,MER-1085,ORD-90055,SUCCESS,2026-08-01 14:30:36
TXN-90056,799.0,INR,NETBANKING,MER-1100,ORD-90056,PENDING,2026-08-01 14:37:52
TXN-90057,199.0,INR,UPI,MER-1086,ORD-90057,SUCCESS,2026-08-01 14:40:30
TXN-90058,6750.0,INR,NETBANKING,MER-1079,ORD-90058,SUCCESS,2026-08-01 14:48:24
TXN-90059,12500.0,INR,CARD,MER-1054,ORD-90059,SUCCESS,2026-08-01 14:57:18
TXN-90060,4999.0,INR,CARD,MER-1052,ORD-90060,SUCCESS,2026-08-01 15:04:04
TXN-90061,199.0,INR,UPI,MER-1030,ORD-90061,FAILED,2026-08-01 15:07:02
TXN-90062,499.0,INR,CARD,MER-1076,ORD-90062,SUCCESS,2026-08-01 15:14:56
TXN-90063,299.0,INR,UPI,MER-1016,ORD-90063,SUCCESS,2026-08-01 15:23:12
TXN-90064,299.0,INR,NETBANKING,MER-1057,ORD-90064,SUCCESS,2026-08-01 15:29:39
TXN-90065,4999.0,INR,NETBANKING,MER-1006,ORD-90065,PENDING,2026-08-01 15:35:44
TXN-90066,199.0,INR,UPI,MER-1014,ORD-90066,SUCCESS,2026-08-01 15:47:53
TXN-90067,799.0,INR,CARD,MER-1044,ORD-90067,SUCCESS,2026-08-01 15:54:54
TXN-90068,799.0,INR,NETBANKING,MER-1066,ORD-90068,SUCCESS,2026-08-01 15:57:39
TXN-90069,999.0,INR,NETBANKING,MER-1022,ORD-90069,SUCCESS,2026-08-01 16:07:00
TXN-90070,2899.0,INR,CARD,MER-1083,ORD-90070,PENDING,2026-08-01 16:13:49
TXN-90071,12500.0,INR,UPI,MER-1024,ORD-90071,SUCCESS,2026-08-01 16:21:47
TXN-90072,1599.0,INR,CARD,MER-1073,ORD-90072,SUCCESS,2026-08-01 16:26:11
TXN-90073,2899.0,INR,NETBANKING,MER-1016,ORD-90073,SUCCESS,2026-08-01 16:31:51
TXN-90074,999.0,INR,CARD,MER-1050,ORD-90074,SUCCESS,2026-08-01 16:43:12
TXN-90075,299.0,INR,UPI,MER-1040,ORD-90075,SUCCESS,2026-08-01 16:49:36
TXN-90076,799.0,INR,NETBANKING,MER-1067,ORD-90076,SUCCESS,2026-08-01 16:56:59
TXN-90077,199.0,INR,CARD,MER-1011,ORD-90077,SUCCESS,2026-08-01 17:04:35
TXN-90078,199.0,INR,NETBANKING,MER-1084,ORD-90078,FAILED,2026-08-01 17:08:13
TXN-90079,2499.0,INR,UPI,MER-1091,ORD-90079,SUCCESS,2026-08-01 17:16:06
TXN-90080,6750.0,INR,CARD,MER-1048,ORD-90080,SUCCESS,2026-08-01 17:24:28
TXN-90081,1599.0,INR,CARD,MER-1053,ORD-90081,SUCCESS,2026-08-01 17:31:37
TXN-90082,1599.0,INR,CARD,MER-1066,ORD-90082,SUCCESS,2026-08-01 17:34:39
TXN-90083,1999.0,INR,UPI,MER-1096,ORD-90083,SUCCESS,2026-08-01 17:44:56
TXN-90084,2499.0,INR,UPI,MER-1008,ORD-90084,SUCCESS,2026-08-01 17:52:59
TXN-90085,799.0,INR,UPI,MER-1084,ORD-90085,SUCCESS,2026-08-01 17:56:40
TXN-90086,199.0,INR,CARD,MER-1044,ORD-90086,SUCCESS,2026-08-01 18:07:38
TXN-90087,1250.0,INR,NETBANKING,MER-1097,ORD-90087,SUCCESS,2026-08-01 18:12:03
TXN-90088,799.0,INR,UPI,MER-1062,ORD-90088,SUCCESS,2026-08-01 18:21:26
TXN-90089,299.0,INR,UPI,MER-1040,ORD-90089,FAILED,2026-08-01 18:25:11
TXN-90090,12500.0,INR,CARD,MER-1099,ORD-90090,SUCCESS,2026-08-01 18:33:01
TXN-90091,12500.0,INR,CARD,MER-1077,ORD-90091,SUCCESS,2026-08-01 18:42:47
TXN-90092,199.0,INR,CARD,MER-1056,ORD-90092,SUCCESS,2026-08-01 18:44:52
TXN-90093,1499.0,INR,CARD,MER-1036,ORD-90093,SUCCESS,2026-08-01 18:55:06
TXN-90094,3499.0,INR,CARD,MER-1036,ORD-90094,SUCCESS,2026-08-01 19:01:28
TXN-90095,1250.0,INR,NETBANKING,MER-1045,ORD-90095,SUCCESS,2026-08-01 19:07:55
TXN-90096,1999.0,INR,CARD,MER-1084,ORD-90096,SUCCESS,2026-08-01 19:12:15
TXN-90097,4999.0,INR,NETBANKING,MER-1078,ORD-90097,SUCCESS,2026-08-01 19:22:28
TXN-90098,799.0,INR,UPI,MER-1005,ORD-90098,SUCCESS,2026-08-01 19:31:24
TXN-90099,1999.0,INR,UPI,MER-1008,ORD-90099,SUCCESS,2026-08-01 19:33:51
TXN-90100,2499.0,INR,NETBANKING,MER-1047,ORD-90100,SUCCESS,2026-08-01 19:45:12
TXN-90101,2899.0,INR,CARD,MER-1057,ORD-90101,SUCCESS,2026-08-01 19:48:27
TXN-90102,1599.0,INR,NETBANKING,MER-1014,ORD-90102,SUCCESS,2026-08-01 19:54:12
TXN-90103,499.0,INR,UPI,MER-1018,ORD-90103,PENDING,2026-08-01 20:01:50
TXN-90104,1599.0,INR,NETBANKING,MER-1034,ORD-90104,SUCCESS,2026-08-01 20:12:03
TXN-90105,12500.0,INR,NETBANKING,MER-1023,ORD-90105,SUCCESS,2026-08-01 20:18:09
TXN-90106,12500.0,INR,NETBANKING,MER-1089,ORD-90106,SUCCESS,2026-08-01 20:25:25
TXN-90107,6750.0,INR,CARD,MER-1045,ORD-90107,SUCCESS,2026-08-01 20:33:22
TXN-90108,3499.0,INR,CARD,MER-1049,ORD-90108,SUCCESS,2026-08-01 20:38:54
TXN-90109,4999.0,INR,NETBANKING,MER-1038,ORD-90109,SUCCESS,2026-08-01 20:43:44
TXN-90110,1250.0,INR,CARD,MER-1047,ORD-90110,SUCCESS,2026-08-01 20:50:45
TXN-90111,2499.0,INR,UPI,MER-1039,ORD-90111,SUCCESS,2026-08-01 21:01:46
TXN-90112,12500.0,INR,CARD,MER-1032,ORD-90112,SUCCESS,2026-08-01 21:05:13
TXN-90113,499.0,INR,CARD,MER-1050,ORD-90113,SUCCESS,2026-08-01 21:16:53
TXN-90114,2899.0,INR,CARD,MER-1087,ORD-90114,SUCCESS,2026-08-01 21:20:44
TXN-90115,4999.0,INR,CARD,MER-1100,ORD-90115,SUCCESS,2026-08-01 21:27:50
TXN-90116,8999.0,INR,UPI,MER-1054,ORD-90116,SUCCESS,2026-08-01 21:35:11
TXN-90117,299.0,INR,UPI,MER-1086,ORD-90117,SUCCESS,2026-08-01 21:40:44
TXN-90118,2499.0,INR,UPI,MER-1013,ORD-90118,SUCCESS,2026-08-01 21:49:07
TXN-90119,2899.0,INR,CARD,MER-1012,ORD-90119,SUCCESS,2026-08-01 21:58:33
TXN-90120,2499.0,INR,UPI,MER-1048,ORD-90120,SUCCESS,2026-08-01 22:04:53
TXN-90121,999.0,INR,CARD,MER-1030,ORD-90121,SUCCESS,2026-08-01 22:09:15
TXN-90122,3499.0,INR,UPI,MER-1063,ORD-90122,SUCCESS,2026-08-01 22:18:59
TXN-90123,4999.0,INR,NETBANKING,MER-1019,ORD-90123,SUCCESS,2026-08-01 22:26:53
TXN-90124,199.0,INR,UPI,MER-1048,ORD-90124,SUCCESS,2026-08-01 22:33:07
TXN-90125,3499.0,INR,UPI,MER-1008,ORD-90125,SUCCESS,2026-08-01 22:37:47
TXN-90126,1250.0,INR,NETBANKING,MER-1041,ORD-90126,SUCCESS,2026-08-01 22:47:56
TXN-90127,1999.0,INR,UPI,MER-1050,ORD-90127,SUCCESS,2026-08-01 22:50:30
TXN-90128,499.0,INR,NETBANKING,MER-1080,ORD-90128,SUCCESS,2026-08-01 23:00:51
TXN-90129,4200.0,INR,CARD,MER-1072,ORD-90129,SUCCESS,2026-08-01 23:03:09
TXN-90130,6750.0,INR,NETBANKING,MER-1074,ORD-90130,SUCCESS,2026-08-01 23:11:13
TXN-90131,12500.0,INR,UPI,MER-1073,ORD-90131,SUCCESS,2026-08-01 23:17:00
TXN-90132,199.0,INR,UPI,MER-1062,ORD-90132,SUCCESS,2026-08-01 23:29:57
TXN-90133,4200.0,INR,NETBANKING,MER-1062,ORD-90133,FAILED,2026-08-01 23:33:26
TXN-90134,199.0,INR,NETBANKING,MER-1099,ORD-90134,SUCCESS,2026-08-01 23:39:13
TXN-90135,999.0,INR,CARD,MER-1052,ORD-90135,SUCCESS,2026-08-01 23:45:30
TXN-90136,999.0,INR,NETBANKING,MER-1006,ORD-90136,SUCCESS,2026-08-01 23:56:19
TXN-90137,6750.0,INR,CARD,MER-1015,ORD-90137,SUCCESS,2026-08-01 23:59:34
TXN-90138,999.0,INR,CARD,MER-1019,ORD-90138,SUCCESS,2026-08-02 00:07:55
TXN-90139,499.0,INR,NETBANKING,MER-1063,ORD-90139,SUCCESS,2026-08-02 00:18:20
TXN-90140,4200.0,INR,UPI,MER-1088,ORD-90140,SUCCESS,2026-08-02 00:21:21
TXN-90141,1250.0,INR,CARD,MER-1020,ORD-90141,SUCCESS,2026-08-02 00:31:35
TXN-90142,499.0,INR,UPI,MER-1074,ORD-90142,SUCCESS,2026-08-02 00:36:56
TXN-90143,499.0,INR,CARD,MER-1002,ORD-90143,SUCCESS,2026-08-02 00:42:27
TXN-90144,8999.0,INR,CARD,MER-1087,ORD-90144,SUCCESS,2026-08-02 00:49:25
TXN-90145,1999.0,INR,UPI,MER-1052,ORD-90145,SUCCESS,2026-08-02 01:00:45
TXN-90146,199.0,INR,NETBANKING,MER-1024,ORD-90146,SUCCESS,2026-08-02 01:05:24
TXN-90147,6750.0,INR,UPI,MER-1069,ORD-90147,SUCCESS,2026-08-02 01:09:50
TXN-90148,4200.0,INR,NETBANKING,MER-1005,ORD-90148,SUCCESS,2026-08-02 01:19:22
TXN-90149,1499.0,INR,CARD,MER-1056,ORD-90149,SUCCESS,2026-08-02 01:23:26
TXN-90150,12500.0,INR,UPI,MER-1027,ORD-90150,SUCCESS,2026-08-02 01:35:18
TXN-90151,299.0,INR,CARD,MER-1027,ORD-90151,SUCCESS,2026-08-02 01:41:36
TXN-90152,12500.0,INR,NETBANKING,MER-1008,ORD-90152,SUCCESS,2026-08-02 01:47:25
TXN-90153,499.0,INR,CARD,MER-1007,ORD-90153,SUCCESS,2026-08-02 01:56:36
TXN-90154,999.0,INR,UPI,MER-1035,ORD-90154,SUCCESS,2026-08-02 02:01:32
TXN-90155,1499.0,INR,CARD,MER-1011,ORD-90155,SUCCESS,2026-08-02 02:07:20
TXN-90156,1250.0,INR,CARD,MER-1056,ORD-90156,SUCCESS,2026-08-02 02:15:29
TXN-90157,8999.0,INR,CARD,MER-1062,ORD-90157,SUCCESS,2026-08-02 02:20:35
TXN-90158,1250.0,INR,UPI,MER-1042,ORD-90158,SUCCESS,2026-08-02 02:30:26
TXN-90159,299.0,INR,CARD,MER-1008,ORD-90159,SUCCESS,2026-08-02 02:35:46
TXN-90160,2499.0,INR,CARD,MER-1016,ORD-90160,SUCCESS,2026-08-02 02:41:40
TXN-90161,4999.0,INR,NETBANKING,MER-1028,ORD-90161,SUCCESS,2026-08-02 02:51:15
TXN-90162,4999.0,INR,UPI,MER-1020,ORD-90162,PENDING,2026-08-02 02:59:01
TXN-90163,3499.0,INR,CARD,MER-1020,ORD-90163,SUCCESS,2026-08-02 03:05:07
TXN-90164,3499.0,INR,UPI,MER-1019,ORD-90164,SUCCESS,2026-08-02 03:09:14
TXN-90165,8999.0,INR,NETBANKING,MER-1044,ORD-90165,SUCCESS,2026-08-02 03:16:08
TXN-90166,2499.0,INR,CARD,MER-1037,ORD-90166,SUCCESS,2026-08-02 03:25:40
TXN-90167,4200.0,INR,UPI,MER-1084,ORD-90167,SUCCESS,2026-08-02 03:32:55
TXN-90168,1250.0,INR,NETBANKING,MER-1079,ORD-90168,SUCCESS,2026-08-02 03:38:25
TXN-90169,1250.0,INR,CARD,MER-1037,ORD-90169,SUCCESS,2026-08-02 03:45:12
TXN-90170,1250.0,INR,NETBANKING,MER-1093,ORD-90170,SUCCESS,2026-08-02 03:52:52
TXN-90171,1999.0,INR,CARD,MER-1059,ORD-90171,SUCCESS,2026-08-02 04:00:33
TXN-90172,1599.0,INR,NETBANKING,MER-1087,ORD-90172,SUCCESS,2026-08-02 04:09:36
TXN-90173,4999.0,INR,UPI,MER-1080,ORD-90173,SUCCESS,2026-08-02 04:15:55
TXN-90174,1599.0,INR,CARD,MER-1006,ORD-90174,SUCCESS,2026-08-02 04:21:44
TXN-90175,1599.0,INR,UPI,MER-1060,ORD-90175,SUCCESS,2026-08-02 04:25:40
TXN-90176,1599.0,INR,CARD,MER-1058,ORD-90176,SUCCESS,2026-08-02 04:37:36
TXN-90177,1250.0,INR,NETBANKING,MER-1035,ORD-90177,SUCCESS,2026-08-02 04:44:14
TXN-90178,2499.0,INR,NETBANKING,MER-1097,ORD-90178,SUCCESS,2026-08-02 04:49:08
TXN-90179,1599.0,INR,CARD,MER-1080,ORD-90179,SUCCESS,2026-08-02 04:57:08
TXN-90180,199.0,INR,CARD,MER-1031,ORD-90180,SUCCESS,2026-08-02 05:00:27
TXN-90181,4999.0,INR,UPI,MER-1039,ORD-90181,SUCCESS,2026-08-02 05:11:32
TXN-90182,8999.0,INR,CARD,MER-1023,ORD-90182,SUCCESS,2026-08-02 05:16:51
TXN-90183,1250.0,INR,UPI,MER-1077,ORD-90183,FAILED,2026-08-02 05:21:59
TXN-90184,3499.0,INR,UPI,MER-1076,ORD-90184,SUCCESS,2026-08-02 05:28:15
TXN-90185,1599.0,INR,UPI,MER-1011,ORD-90185,PENDING,2026-08-02 05:40:29
TXN-90186,1599.0,INR,NETBANKING,MER-1006,ORD-90186,SUCCESS,2026-08-02 05:44:54
TXN-90187,6750.0,INR,CARD,MER-1039,ORD-90187,SUCCESS,2026-08-02 05:54:55
TXN-90188,4999.0,INR,NETBANKING,MER-1050,ORD-90188,SUCCESS,2026-08-02 05:57:48
TXN-90189,4999.0,INR,CARD,MER-1046,ORD-90189,SUCCESS,2026-08-02 06:06:45
TXN-90190,999.0,INR,NETBANKING,MER-1033,ORD-90190,SUCCESS,2026-08-02 06:12:24
TXN-90191,4200.0,INR,UPI,MER-1063,ORD-90191,SUCCESS,2026-08-02 06:20:49
TXN-90192,1250.0,INR,CARD,MER-1019,ORD-90192,SUCCESS,2026-08-02 06:27:11
TXN-90193,4999.0,INR,NETBANKING,MER-1076,ORD-90193,SUCCESS,2026-08-02 06:36:50
TXN-90194,1999.0,INR,UPI,MER-1036,ORD-90194,PENDING,2026-08-02 06:43:06
TXN-90195,4999.0,INR,UPI,MER-1096,ORD-90195,SUCCESS,2026-08-02 06:45:09
TXN-90196,2899.0,INR,UPI,MER-1081,ORD-90196,FAILED,2026-08-02 06:53:27
TXN-90197,799.0,INR,CARD,MER-1056,ORD-90197,PENDING,2026-08-02 07:04:25
TXN-90198,1250.0,INR,NETBANKING,MER-1035,ORD-90198,SUCCESS,2026-08-02 07:11:01
TXN-90199,3499.0,INR,UPI,MER-1011,ORD-90199,FAILED,2026-08-02 07:14:45
TXN-90200,999.0,INR,NETBANKING,MER-1036,ORD-90200,SUCCESS,2026-08-02 07:23:13
TXN-90201,2899.0,INR,NETBANKING,MER-1046,ORD-90201,SUCCESS,2026-08-02 07:27:12
TXN-90202,3499.0,INR,UPI,MER-1045,ORD-90202,SUCCESS,2026-08-02 07:36:37
TXN-90203,4999.0,INR,CARD,MER-1035,ORD-90203,SUCCESS,2026-08-02 07:46:45
TXN-90204,499.0,INR,NETBANKING,MER-1005,ORD-90204,SUCCESS,2026-08-02 07:53:12
TXN-90205,799.0,INR,CARD,MER-1051,ORD-90205,SUCCESS,2026-08-02 08:00:18
TXN-90206,8999.0,INR,NETBANKING,MER-1095,ORD-90206,SUCCESS,2026-08-02 08:02:22
TXN-90207,3499.0,INR,NETBANKING,MER-1035,ORD-90207,SUCCESS,2026-08-02 08:12:23
TXN-90208,2899.0,INR,CARD,MER-1053,ORD-90208,SUCCESS,2026-08-02 08:21:38
TXN-90209,6750.0,INR,NETBANKING,MER-1067,ORD-90209,SUCCESS,2026-08-02 08:25:12
TXN-90210,199.0,INR,CARD,MER-1078,ORD-90210,SUCCESS,2026-08-02 08:34:25
TXN-90211,2499.0,INR,CARD,MER-1012,ORD-90211,SUCCESS,2026-08-02 08:39:32
TXN-90212,1599.0,INR,UPI,MER-1051,ORD-90212,SUCCESS,2026-08-02 08:49:53
TXN-90213,999.0,INR,NETBANKING,MER-1027,ORD-90213,SUCCESS,2026-08-02 08:51:19
TXN-90214,199.0,INR,NETBANKING,MER-1075,ORD-90214,SUCCESS,2026-08-02 09:01:28
TXN-90215,2499.0,INR,UPI,MER-1023,ORD-90215,SUCCESS,2026-08-02 09:08:59
TXN-90216,2499.0,INR,CARD,MER-1028,ORD-90216,SUCCESS,2026-08-02 09:15:39
TXN-90217,1499.0,INR,UPI,MER-1086,ORD-90217,SUCCESS,2026-08-02 09:23:27
TXN-90218,4999.0,INR,CARD,MER-1058,ORD-90218,SUCCESS,2026-08-02 09:31:39
TXN-90219,1499.0,INR,NETBANKING,MER-1068,ORD-90219,SUCCESS,2026-08-02 09:33:56
TXN-90220,799.0,INR,CARD,MER-1061,ORD-90220,SUCCESS,2026-08-02 09:42:26
TXN-90221,6750.0,INR,NETBANKING,MER-1092,ORD-90221,SUCCESS,2026-08-02 09:47:10
TXN-90222,1250.0,INR,NETBANKING,MER-1049,ORD-90222,SUCCESS,2026-08-02 09:58:56
TXN-90223,4200.0,INR,UPI,MER-1045,ORD-90223,SUCCESS,2026-08-02 10:01:14
TXN-90224,4200.0,INR,UPI,MER-1091,ORD-90224,SUCCESS,2026-08-02 10:10:13
TXN-90225,1599.0,INR,UPI,MER-1030,ORD-90225,SUCCESS,2026-08-02 10:17:31
TXN-90226,1999.0,INR,UPI,MER-1063,ORD-90226,SUCCESS,2026-08-02 10:22:43
TXN-90227,799.0,INR,NETBANKING,MER-1027,ORD-90227,SUCCESS,2026-08-02 10:32:04
TXN-90228,4200.0,INR,CARD,MER-1055,ORD-90228,SUCCESS,2026-08-02 10:36:36
TXN-90229,499.0,INR,NETBANKING,MER-1056,ORD-90229,SUCCESS,2026-08-02 10:45:54
TXN-90230,2899.0,INR,NETBANKING,MER-1029,ORD-90230,SUCCESS,2026-08-02 10:53:58
TXN-90231,4999.0,INR,NETBANKING,MER-1078,ORD-90231,SUCCESS,2026-08-02 10:57:44
TXN-90232,1599.0,INR,CARD,MER-1045,ORD-90232,SUCCESS,2026-08-02 11:08:22
TXN-90233,499.0,INR,UPI,MER-1043,ORD-90233,SUCCESS,2026-08-02 11:12:27
TXN-90234,799.0,INR,CARD,MER-1099,ORD-90234,SUCCESS,2026-08-02 11:18:36
TXN-90235,199.0,INR,NETBANKING,MER-1020,ORD-90235,SUCCESS,2026-08-02 11:27:42
TXN-90236,12500.0,INR,CARD,MER-1035,ORD-90236,SUCCESS,2026-08-02 11:34:45
TXN-90237,2499.0,INR,NETBANKING,MER-1042,ORD-90237,SUCCESS,2026-08-02 11:43:41
TXN-90238,6750.0,INR,CARD,MER-1097,ORD-90238,SUCCESS,2026-08-02 11:46:33
TXN-90239,499.0,INR,NETBANKING,MER-1006,ORD-90239,SUCCESS,2026-08-02 11:57:45
TXN-90240,1999.0,INR,UPI,MER-1009,ORD-90240,PENDING,2026-08-02 12:04:40
TXN-90241,1499.0,INR,UPI,MER-1027,ORD-90241,SUCCESS,2026-08-02 12:11:56
TXN-90242,1250.0,INR,CARD,MER-1042,ORD-90242,FAILED,2026-08-02 12:16:49
TXN-90243,4999.0,INR,NETBANKING,MER-1003,ORD-90243,FAILED,2026-08-02 12:24:14
TXN-90244,6750.0,INR,NETBANKING,MER-1031,ORD-90244,SUCCESS,2026-08-02 12:32:37
TXN-90245,1250.0,INR,CARD,MER-1042,ORD-90245,SUCCESS,2026-08-02 12:36:25
TXN-90246,6750.0,INR,NETBANKING,MER-1089,ORD-90246,SUCCESS,2026-08-02 12:42:32
TXN-90247,8999.0,INR,UPI,MER-1019,ORD-90247,SUCCESS,2026-08-02 12:54:52
TXN-90248,1250.0,INR,UPI,MER-1076,ORD-90248,SUCCESS,2026-08-02 12:59:10
TXN-90249,4999.0,INR,UPI,MER-1003,ORD-90249,FAILED,2026-08-02 13:07:39
TXN-90250,799.0,INR,UPI,MER-1018,ORD-90250,SUCCESS,2026-08-02 13:13:52
TXN-90251,6750.0,INR,CARD,MER-1055,ORD-90251,SUCCESS,2026-08-02 13:21:28
TXN-90252,1250.0,INR,NETBANKING,MER-1057,ORD-90252,FAILED,2026-08-02 13:26:33
TXN-90253,8999.0,INR,CARD,MER-1088,ORD-90253,SUCCESS,2026-08-02 13:36:08
TXN-90254,1499.0,INR,CARD,MER-1072,ORD-90254,SUCCESS,2026-08-02 13:38:58
TXN-90255,4200.0,INR,UPI,MER-1040,ORD-90255,SUCCESS,2026-08-02 13:47:22
TXN-90256,799.0,INR,NETBANKING,MER-1052,ORD-90256,SUCCESS,2026-08-02 13:55:07
TXN-90257,1599.0,INR,CARD,MER-1007,ORD-90257,SUCCESS,2026-08-02 14:01:16
TXN-90258,12500.0,INR,CARD,MER-1003,ORD-90258,SUCCESS,2026-08-02 14:11:29
TXN-90259,6750.0,INR,CARD,MER-1059,ORD-90259,SUCCESS,2026-08-02 14:17:07
TXN-90260,1499.0,INR,CARD,MER-1028,ORD-90260,SUCCESS,2026-08-02 14:22:42
TXN-90261,799.0,INR,CARD,MER-1010,ORD-90261,SUCCESS,2026-08-02 14:32:42
TXN-90262,1599.0,INR,CARD,MER-1093,ORD-90262,SUCCESS,2026-08-02 14:39:13
TXN-90263,4999.0,INR,NETBANKING,MER-1065,ORD-90263,SUCCESS,2026-08-02 14:43:34
TXN-90264,2899.0,INR,UPI,MER-1020,ORD-90264,SUCCESS,2026-08-02 14:52:20
TXN-90265,499.0,INR,CARD,MER-1069,ORD-90265,SUCCESS,2026-08-02 14:59:04
TXN-90266,799.0,INR,UPI,MER-1063,ORD-90266,SUCCESS,2026-08-02 15:05:56
TXN-90267,12500.0,INR,CARD,MER-1019,ORD-90267,SUCCESS,2026-08-02 15:10:31
TXN-90268,799.0,INR,CARD,MER-1058,ORD-90268,SUCCESS,2026-08-02 15:20:58
TXN-90269,2899.0,INR,UPI,MER-1027,ORD-90269,SUCCESS,2026-08-02 15:28:53
TXN-90270,2899.0,INR,CARD,MER-1084,ORD-90270,SUCCESS,2026-08-02 15:35:06
TXN-90271,199.0,INR,CARD,MER-1098,ORD-90271,SUCCESS,2026-08-02 15:42:56
TXN-90272,6750.0,INR,UPI,MER-1053,ORD-90272,SUCCESS,2026-08-02 15:47:17
TXN-90273,4200.0,INR,CARD,MER-1086,ORD-90273,SUCCESS,2026-08-02 15:56:10
TXN-90274,199.0,INR,CARD,MER-1099,ORD-90274,SUCCESS,2026-08-02 15:58:02
TXN-90275,999.0,INR,UPI,MER-1007,ORD-90275,SUCCESS,2026-08-02 16:09:34
TXN-90276,1599.0,INR,NETBANKING,MER-1020,ORD-90276,SUCCESS,2026-08-02 16:15:32
TXN-90277,999.0,INR,UPI,MER-1077,ORD-90277,SUCCESS,2026-08-02 16:21:29
TXN-90278,12500.0,INR,NETBANKING,MER-1076,ORD-90278,SUCCESS,2026-08-02 16:29:53
TXN-90279,2899.0,INR,NETBANKING,MER-1076,ORD-90279,SUCCESS,2026-08-02 16:37:43
TXN-90280,1999.0,INR,CARD,MER-1100,ORD-90280,FAILED,2026-08-02 16:44:06
TXN-90281,299.0,INR,CARD,MER-1015,ORD-90281,SUCCESS,2026-08-02 16:50:29
TXN-90282,1599.0,INR,UPI,MER-1031,ORD-90282,SUCCESS,2026-08-02 16:56:52
TXN-90283,799.0,INR,NETBANKING,MER-1001,ORD-90283,SUCCESS,2026-08-02 17:06:29
TXN-90284,2899.0,INR,NETBANKING,MER-1087,ORD-90284,FAILED,2026-08-02 17:09:41
TXN-90285,299.0,INR,UPI,MER-1089,ORD-90285,SUCCESS,2026-08-02 17:15:20
TXN-90286,1499.0,INR,CARD,MER-1022,ORD-90286,PENDING,2026-08-02 17:25:22
TXN-90287,1499.0,INR,CARD,MER-1006,ORD-90287,SUCCESS,2026-08-02 17:29:59
TXN-90288,499.0,INR,UPI,MER-1008,ORD-90288,SUCCESS,2026-08-02 17:38:55
TXN-90289,4999.0,INR,UPI,MER-1048,ORD-90289,SUCCESS,2026-08-02 17:43:24
TXN-90290,1250.0,INR,UPI,MER-1067,ORD-90290,SUCCESS,2026-08-02 17:54:43
TXN-90291,1250.0,INR,NETBANKING,MER-1039,ORD-90291,SUCCESS,2026-08-02 17:57:29
TXN-90292,2899.0,INR,NETBANKING,MER-1090,ORD-90292,SUCCESS,2026-08-02 18:09:56
TXN-90293,1599.0,INR,UPI,MER-1054,ORD-90293,SUCCESS,2026-08-02 18:12:21
TXN-90294,3499.0,INR,UPI,MER-1076,ORD-90294,SUCCESS,2026-08-02 18:20:52
TXN-90295,199.0,INR,UPI,MER-1093,ORD-90295,SUCCESS,2026-08-02 18:27:18
TXN-90296,2899.0,INR,NETBANKING,MER-1086,ORD-90296,SUCCESS,2026-08-02 18:33:26
TXN-90297,4999.0,INR,UPI,MER-1067,ORD-90297,SUCCESS,2026-08-02 18:41:43
TXN-90298,799.0,INR,NETBANKING,MER-1002,ORD-90298,SUCCESS,2026-08-02 18:47:21
TXN-90299,299.0,INR,UPI,MER-1074,ORD-90299,SUCCESS,2026-08-02 18:55:45
TXN-90300,4200.0,INR,NETBANKING,MER-1080,ORD-90300,SUCCESS,2026-08-02 19:04:24
TXN-90301,6750.0,INR,CARD,MER-1017,ORD-90301,SUCCESS,2026-08-02 19:09:26
TXN-90302,1999.0,INR,UPI,MER-1083,ORD-90302,SUCCESS,2026-08-02 19:15:53
TXN-90303,799.0,INR,CARD,MER-1040,ORD-90303,PENDING,2026-08-02 19:25:26
TXN-90304,499.0,INR,UPI,MER-1004,ORD-90304,PENDING,2026-08-02 19:31:52
TXN-90305,299.0,INR,NETBANKING,MER-1003,ORD-90305,FAILED,2026-08-02 19:40:41
TXN-90306,799.0,INR,UPI,MER-1005,ORD-90306,SUCCESS,2026-08-02 19:45:40
TXN-90307,2899.0,INR,NETBANKING,MER-1085,ORD-90307,SUCCESS,2026-08-02 19:54:17
TXN-90308,2499.0,INR,UPI,MER-1080,ORD-90308,PENDING,2026-08-02 19:57:52
TXN-90309,1599.0,INR,CARD,MER-1091,ORD-90309,SUCCESS,2026-08-02 20:04:39
TXN-90310,2499.0,INR,UPI,MER-1042,ORD-90310,SUCCESS,2026-08-02 20:12:19
TXN-90311,2499.0,INR,UPI,MER-1078,ORD-90311,SUCCESS,2026-08-02 20:21:09
TXN-90312,299.0,INR,NETBANKING,MER-1081,ORD-90312,SUCCESS,2026-08-02 20:26:46
TXN-90313,799.0,INR,NETBANKING,MER-1090,ORD-90313,SUCCESS,2026-08-02 20:32:31
TXN-90314,199.0,INR,UPI,MER-1075,ORD-90314,SUCCESS,2026-08-02 20:39:16
TXN-90315,12500.0,INR,NETBANKING,MER-1093,ORD-90315,SUCCESS,2026-08-02 20:50:31
TXN-90316,6750.0,INR,CARD,MER-1073,ORD-90316,PENDING,2026-08-02 20:56:33
TXN-90317,12500.0,INR,UPI,MER-1040,ORD-90317,SUCCESS,2026-08-02 21:03:06
TXN-90318,4999.0,INR,UPI,MER-1085,ORD-90318,SUCCESS,2026-08-02 21:10:24
TXN-90319,12500.0,INR,UPI,MER-1009,ORD-90319,SUCCESS,2026-08-02 21:18:12
TXN-90320,8999.0,INR,UPI,MER-1081,ORD-90320,PENDING,2026-08-02 21:24:35
TXN-90321,1999.0,INR,UPI,MER-1099,ORD-90321,SUCCESS,2026-08-02 21:28:42
TXN-90322,6750.0,INR,NETBANKING,MER-1004,ORD-90322,SUCCESS,2026-08-02 21:37:23
TXN-90323,199.0,INR,CARD,MER-1060,ORD-90323,SUCCESS,2026-08-02 21:43:07
TXN-90324,499.0,INR,UPI,MER-1090,ORD-90324,SUCCESS,2026-08-02 21:51:17
TXN-90325,1999.0,INR,UPI,MER-1088,ORD-90325,SUCCESS,2026-08-02 21:55:52
TXN-90326,3499.0,INR,UPI,MER-1100,ORD-90326,SUCCESS,2026-08-02 22:05:12
TXN-90327,4200.0,INR,NETBANKING,MER-1056,ORD-90327,SUCCESS,2026-08-02 22:13:14
TXN-90328,199.0,INR,CARD,MER-1088,ORD-90328,SUCCESS,2026-08-02 22:20:37
TXN-90329,2899.0,INR,UPI,MER-1094,ORD-90329,SUCCESS,2026-08-02 22:23:17
TXN-90330,1499.0,INR,CARD,MER-1046,ORD-90330,PENDING,2026-08-02 22:31:33
TXN-90331,1250.0,INR,NETBANKING,MER-1042,ORD-90331,SUCCESS,2026-08-02 22:41:04
TXN-90332,1999.0,INR,CARD,MER-1083,ORD-90332,PENDING,2026-08-02 22:47:06
TXN-90333,499.0,INR,NETBANKING,MER-1043,ORD-90333,FAILED,2026-08-02 22:55:36
TXN-90334,4200.0,INR,NETBANKING,MER-1040,ORD-90334,SUCCESS,2026-08-02 23:02:10
TXN-90335,1499.0,INR,NETBANKING,MER-1073,ORD-90335,SUCCESS,2026-08-02 23:08:11
TXN-90336,12500.0,INR,CARD,MER-1043,ORD-90336,SUCCESS,2026-08-02 23:13:12
TXN-90337,799.0,INR,NETBANKING,MER-1094,ORD-90337,SUCCESS,2026-08-02 23:22:46
TXN-90338,2899.0,INR,UPI,MER-1065,ORD-90338,SUCCESS,2026-08-02 23:28:50
TXN-90339,12500.0,INR,UPI,MER-1084,ORD-90339,SUCCESS,2026-08-02 23:38:48
TXN-90340,8999.0,INR,UPI,MER-1075,ORD-90340,SUCCESS,2026-08-02 23:44:29
TXN-90341,4200.0,INR,NETBANKING,MER-1006,ORD-90341,PENDING,2026-08-02 23:48:41
TXN-90342,999.0,INR,UPI,MER-1002,ORD-90342,FAILED,2026-08-02 23:58:11
TXN-90343,1250.0,INR,CARD,MER-1043,ORD-90343,SUCCESS,2026-08-03 00:04:46
TXN-90344,999.0,INR,CARD,MER-1088,ORD-90344,SUCCESS,2026-08-03 00:11:22
TXN-90345,799.0,INR,CARD,MER-1100,ORD-90345,SUCCESS,2026-08-03 00:15:08
TXN-90346,1599.0,INR,UPI,MER-1041,ORD-90346,SUCCESS,2026-08-03 00:26:33
TXN-90347,8999.0,INR,NETBANKING,MER-1080,ORD-90347,SUCCESS,2026-08-03 00:34:25
TXN-90348,4200.0,INR,NETBANKING,MER-1055,ORD-90348,SUCCESS,2026-08-03 00:39:52
TXN-90349,2899.0,INR,CARD,MER-1050,ORD-90349,SUCCESS,2026-08-03 00:47:45
TXN-90350,2499.0,INR,NETBANKING,MER-1011,ORD-90350,SUCCESS,2026-08-03 00:50:45
TXN-90351,799.0,INR,UPI,MER-1027,ORD-90351,PENDING,2026-08-03 00:59:05
TXN-90352,199.0,INR,CARD,MER-1099,ORD-90352,SUCCESS,2026-08-03 01:04:27
TXN-90353,3499.0,INR,CARD,MER-1093,ORD-90353,PENDING,2026-08-03 01:14:21
TXN-90354,8999.0,INR,UPI,MER-1070,ORD-90354,SUCCESS,2026-08-03 01:19:35
TXN-90355,1250.0,INR,NETBANKING,MER-1100,ORD-90355,SUCCESS,2026-08-03 01:27:41
TXN-90356,1499.0,INR,CARD,MER-1024,ORD-90356,SUCCESS,2026-08-03 01:33:30
TXN-90357,12500.0,INR,CARD,MER-1079,ORD-90357,SUCCESS,2026-08-03 01:39:04
TXN-90358,199.0,INR,NETBANKING,MER-1044,ORD-90358,SUCCESS,2026-08-03 01:47:52
TXN-90359,199.0,INR,UPI,MER-1072,ORD-90359,SUCCESS,2026-08-03 01:55:40
TXN-90360,4999.0,INR,UPI,MER-1098,ORD-90360,SUCCESS,2026-08-03 02:00:35
TXN-90361,1999.0,INR,NETBANKING,MER-1003,ORD-90361,SUCCESS,2026-08-03 02:08:26
TXN-90362,1999.0,INR,NETBANKING,MER-1049,ORD-90362,SUCCESS,2026-08-03 02:15:35
TXN-90363,999.0,INR,CARD,MER-1024,ORD-90363,SUCCESS,2026-08-03 02:23:33
TXN-90364,12500.0,INR,UPI,MER-1009,ORD-90364,SUCCESS,2026-08-03 02:29:51
TXN-90365,1499.0,INR,UPI,MER-1088,ORD-90365,SUCCESS,2026-08-03 02:35:12
TXN-90366,3499.0,INR,NETBANKING,MER-1061,ORD-90366,SUCCESS,2026-08-03 02:44:45
TXN-90367,4999.0,INR,CARD,MER-1076,ORD-90367,SUCCESS,2026-08-03 02:52:20
TXN-90368,199.0,INR,UPI,MER-1043,ORD-90368,SUCCESS,2026-08-03 03:00:05
TXN-90369,1999.0,INR,UPI,MER-1026,ORD-90369,SUCCESS,2026-08-03 03:07:56
TXN-90370,199.0,INR,UPI,MER-1084,ORD-90370,SUCCESS,2026-08-03 03:14:57
TXN-90371,3499.0,INR,UPI,MER-1032,ORD-90371,SUCCESS,2026-08-03 03:18:21
TXN-90372,1499.0,INR,CARD,MER-1041,ORD-90372,SUCCESS,2026-08-03 03:24:58
TXN-90373,1599.0,INR,NETBANKING,MER-1089,ORD-90373,SUCCESS,2026-08-03 03:33:59
TXN-90374,4999.0,INR,NETBANKING,MER-1019,ORD-90374,SUCCESS,2026-08-03 03:38:32
TXN-90375,3499.0,INR,UPI,MER-1097,ORD-90375,PENDING,2026-08-03 03:50:29
TXN-90376,12500.0,INR,NETBANKING,MER-1035,ORD-90376,SUCCESS,2026-08-03 03:57:57
TXN-90377,299.0,INR,UPI,MER-1023,ORD-90377,SUCCESS,2026-08-03 04:00:17
TXN-90378,1599.0,INR,NETBANKING,MER-1024,ORD-90378,SUCCESS,2026-08-03 04:07:44
TXN-90379,1250.0,INR,UPI,MER-1078,ORD-90379,SUCCESS,2026-08-03 04:15:11
TXN-90380,12500.0,INR,CARD,MER-1088,ORD-90380,SUCCESS,2026-08-03 04:24:27
TXN-90381,3499.0,INR,NETBANKING,MER-1072,ORD-90381,SUCCESS,2026-08-03 04:28:52
TXN-90382,1499.0,INR,UPI,MER-1030,ORD-90382,SUCCESS,2026-08-03 04:39:41
TXN-90383,4999.0,INR,CARD,MER-1063,ORD-90383,FAILED,2026-08-03 04:45:54
TXN-90384,2499.0,INR,UPI,MER-1092,ORD-90384,SUCCESS,2026-08-03 04:51:03
TXN-90385,299.0,INR,UPI,MER-1061,ORD-90385,SUCCESS,2026-08-03 05:00:41
TXN-90386,1599.0,INR,CARD,MER-1035,ORD-90386,SUCCESS,2026-08-03 05:07:00
TXN-90387,299.0,INR,CARD,MER-1031,ORD-90387,PENDING,2026-08-03 05:12:43
TXN-90388,2899.0,INR,UPI,MER-1086,ORD-90388,SUCCESS,2026-08-03 05:18:32
TXN-90389,1599.0,INR,UPI,MER-1082,ORD-90389,SUCCESS,2026-08-03 05:26:41
TXN-90390,2899.0,INR,CARD,MER-1003,ORD-90390,SUCCESS,2026-08-03 05:32:44
TXN-90391,1499.0,INR,CARD,MER-1035,ORD-90391,SUCCESS,2026-08-03 05:37:57
TXN-90392,3499.0,INR,CARD,MER-1045,ORD-90392,SUCCESS,2026-08-03 05:48:09
TXN-90393,2899.0,INR,CARD,MER-1100,ORD-90393,SUCCESS,2026-08-03 05:51:01
TXN-90394,1999.0,INR,UPI,MER-1052,ORD-90394,SUCCESS,2026-08-03 06:00:57
TXN-90395,799.0,INR,NETBANKING,MER-1046,ORD-90395,SUCCESS,2026-08-03 06:08:27
TXN-90396,4999.0,INR,NETBANKING,MER-1091,ORD-90396,SUCCESS,2026-08-03 06:14:07
TXN-90397,1599.0,INR,NETBANKING,MER-1005,ORD-90397,SUCCESS,2026-08-03 06:20:13
TXN-90398,499.0,INR,CARD,MER-1034,ORD-90398,SUCCESS,2026-08-03 06:28:16
TXN-90399,6750.0,INR,CARD,MER-1068,ORD-90399,SUCCESS,2026-08-03 06:37:09
TXN-90400,799.0,INR,CARD,MER-1003,ORD-90400,SUCCESS,2026-08-03 06:42:39
TXN-90401,1499.0,INR,CARD,MER-1090,ORD-90401,SUCCESS,2026-08-03 06:51:49
TXN-90402,2499.0,INR,UPI,MER-1100,ORD-90402,SUCCESS,2026-08-03 06:56:33
TXN-90403,1499.0,INR,UPI,MER-1009,ORD-90403,SUCCESS,2026-08-03 07:03:18
TXN-90404,199.0,INR,UPI,MER-1077,ORD-90404,SUCCESS,2026-08-03 07:09:35
TXN-90405,4200.0,INR,CARD,MER-1058,ORD-90405,SUCCESS,2026-08-03 07:17:20
TXN-90406,2899.0,INR,UPI,MER-1011,ORD-90406,SUCCESS,2026-08-03 07:25:58
TXN-90407,299.0,INR,NETBANKING,MER-1013,ORD-90407,FAILED,2026-08-03 07:29:56
TXN-90408,1599.0,INR,UPI,MER-1027,ORD-90408,SUCCESS,2026-08-03 07:37:10
TXN-90409,4999.0,INR,UPI,MER-1079,ORD-90409,PENDING,2026-08-03 07:45:15
TXN-90410,499.0,INR,UPI,MER-1027,ORD-90410,SUCCESS,2026-08-03 07:50:58
TXN-90411,199.0,INR,NETBANKING,MER-1021,ORD-90411,SUCCESS,2026-08-03 07:57:57
TXN-90412,499.0,INR,CARD,MER-1038,ORD-90412,PENDING,2026-08-03 08:05:51
TXN-90413,299.0,INR,UPI,MER-1035,ORD-90413,SUCCESS,2026-08-03 08:16:56
TXN-90414,6750.0,INR,UPI,MER-1047,ORD-90414,SUCCESS,2026-08-03 08:20:21
TXN-90415,3499.0,INR,UPI,MER-1045,ORD-90415,SUCCESS,2026-08-03 08:30:02
TXN-90416,8999.0,INR,UPI,MER-1042,ORD-90416,SUCCESS,2026-08-03 08:37:56
TXN-90417,199.0,INR,CARD,MER-1076,ORD-90417,SUCCESS,2026-08-03 08:41:49
TXN-90418,499.0,INR,NETBANKING,MER-1020,ORD-90418,SUCCESS,2026-08-03 08:51:40
TXN-90419,12500.0,INR,CARD,MER-1019,ORD-90419,SUCCESS,2026-08-03 08:56:25
TXN-90420,1999.0,INR,NETBANKING,MER-1042,ORD-90420,SUCCESS,2026-08-03 09:02:26
TXN-90421,2899.0,INR,UPI,MER-1010,ORD-90421,SUCCESS,2026-08-03 09:08:46
TXN-90422,1999.0,INR,CARD,MER-1095,ORD-90422,SUCCESS,2026-08-03 09:16:26
TXN-90423,4200.0,INR,CARD,MER-1051,ORD-90423,SUCCESS,2026-08-03 09:24:44
TXN-90424,4200.0,INR,UPI,MER-1066,ORD-90424,SUCCESS,2026-08-03 09:30:17
TXN-90425,499.0,INR,CARD,MER-1080,ORD-90425,SUCCESS,2026-08-03 09:37:35
TXN-90426,2499.0,INR,UPI,MER-1059,ORD-90426,SUCCESS,2026-08-03 09:46:25
TXN-90427,999.0,INR,NETBANKING,MER-1029,ORD-90427,SUCCESS,2026-08-03 09:51:07
TXN-90428,1250.0,INR,UPI,MER-1062,ORD-90428,SUCCESS,2026-08-03 09:59:27
TXN-90429,299.0,INR,NETBANKING,MER-1011,ORD-90429,SUCCESS,2026-08-03 10:03:56
TXN-90430,999.0,INR,NETBANKING,MER-1024,ORD-90430,SUCCESS,2026-08-03 10:12:21
TXN-90431,8999.0,INR,NETBANKING,MER-1005,ORD-90431,SUCCESS,2026-08-03 10:19:24
TXN-90432,2499.0,INR,NETBANKING,MER-1089,ORD-90432,SUCCESS,2026-08-03 10:29:50
TXN-90433,999.0,INR,UPI,MER-1011,ORD-90433,SUCCESS,2026-08-03 10:33:30
TXN-90434,4999.0,INR,NETBANKING,MER-1055,ORD-90434,SUCCESS,2026-08-03 10:41:24
TXN-90435,4999.0,INR,NETBANKING,MER-1091,ORD-90435,SUCCESS,2026-08-03 10:45:19
TXN-90436,3499.0,INR,NETBANKING,MER-1040,ORD-90436,SUCCESS,2026-08-03 10:56:38
TXN-90437,999.0,INR,NETBANKING,MER-1025,ORD-90437,SUCCESS,2026-08-03 11:02:39
TXN-90438,1999.0,INR,NETBANKING,MER-1006,ORD-90438,SUCCESS,2026-08-03 11:08:04
TXN-90439,4200.0,INR,UPI,MER-1014,ORD-90439,SUCCESS,2026-08-03 11:13:08
TXN-90440,3499.0,INR,NETBANKING,MER-1056,ORD-90440,PENDING,2026-08-03 11:25:55
TXN-90441,999.0,INR,CARD,MER-1033,ORD-90441,SUCCESS,2026-08-03 11:28:25
TXN-90442,2899.0,INR,UPI,MER-1045,ORD-90442,SUCCESS,2026-08-03 11:34:32
TXN-90443,1250.0,INR,CARD,MER-1009,ORD-90443,PENDING,2026-08-03 11:41:04
TXN-90444,1499.0,INR,CARD,MER-1084,ORD-90444,PENDING,2026-08-03 11:51:32
TXN-90445,799.0,INR,NETBANKING,MER-1079,ORD-90445,SUCCESS,2026-08-03 11:57:30
TXN-90446,12500.0,INR,UPI,MER-1060,ORD-90446,SUCCESS,2026-08-03 12:04:09
TXN-90447,12500.0,INR,UPI,MER-1025,ORD-90447,SUCCESS,2026-08-03 12:10:24
TXN-90448,12500.0,INR,NETBANKING,MER-1020,ORD-90448,SUCCESS,2026-08-03 12:17:47
TXN-90449,8999.0,INR,NETBANKING,MER-1046,ORD-90449,SUCCESS,2026-08-03 12:28:42
TXN-90450,299.0,INR,NETBANKING,MER-1024,ORD-90450,SUCCESS,2026-08-03 12:30:18
TXN-90451,2899.0,INR,NETBANKING,MER-1043,ORD-90451,SUCCESS,2026-08-03 12:41:47
TXN-90452,4999.0,INR,CARD,MER-1044,ORD-90452,SUCCESS,2026-08-03 12:44:09
TXN-90453,1250.0,INR,UPI,MER-1041,ORD-90453,SUCCESS,2026-08-03 12:52:42
TXN-90454,4200.0,INR,UPI,MER-1073,ORD-90454,SUCCESS,2026-08-03 13:01:50
TXN-90455,2899.0,INR,UPI,MER-1071,ORD-90455,SUCCESS,2026-08-03 13:06:39
TXN-90456,12500.0,INR,CARD,MER-1038,ORD-90456,SUCCESS,2026-08-03 13:16:08
TXN-90457,1250.0,INR,CARD,MER-1026,ORD-90457,SUCCESS,2026-08-03 13:21:28
TXN-90458,1999.0,INR,NETBANKING,MER-1003,ORD-90458,SUCCESS,2026-08-03 13:29:52
TXN-90459,299.0,INR,CARD,MER-1067,ORD-90459,SUCCESS,2026-08-03 13:38:05
TXN-90460,1999.0,INR,NETBANKING,MER-1058,ORD-90460,FAILED,2026-08-03 13:44:07
TXN-90461,1250.0,INR,CARD,MER-1009,ORD-90461,SUCCESS,2026-08-03 13:51:34
TXN-90462,1499.0,INR,UPI,MER-1086,ORD-90462,SUCCESS,2026-08-03 13:54:00
TXN-90463,299.0,INR,NETBANKING,MER-1046,ORD-90463,SUCCESS,2026-08-03 14:03:02
TXN-90464,1599.0,INR,UPI,MER-1082,ORD-90464,SUCCESS,2026-08-03 14:09:01
TXN-90465,1999.0,INR,UPI,MER-1036,ORD-90465,PENDING,2026-08-03 14:18:48
TXN-90466,199.0,INR,NETBANKING,MER-1011,ORD-90466,SUCCESS,2026-08-03 14:26:16
TXN-90467,2899.0,INR,UPI,MER-1033,ORD-90467,PENDING,2026-08-03 14:31:14
TXN-90468,4200.0,INR,CARD,MER-1040,ORD-90468,SUCCESS,2026-08-03 14:36:43
TXN-90469,299.0,INR,UPI,MER-1062,ORD-90469,SUCCESS,2026-08-03 14:44:49
TXN-90470,1499.0,INR,CARD,MER-1051,ORD-90470,PENDING,2026-08-03 14:54:51
TXN-90471,4999.0,INR,UPI,MER-1038,ORD-90471,SUCCESS,2026-08-03 14:57:17
TXN-90472,1499.0,INR,NETBANKING,MER-1026,ORD-90472,FAILED,2026-08-03 15:04:09
TXN-90473,4999.0,INR,UPI,MER-1076,ORD-90473,SUCCESS,2026-08-03 15:16:26
TXN-90474,1999.0,INR,NETBANKING,MER-1055,ORD-90474,PENDING,2026-08-03 15:19:34
TXN-90475,3499.0,INR,UPI,MER-1053,ORD-90475,SUCCESS,2026-08-03 15:30:33
TXN-90476,6750.0,INR,UPI,MER-1042,ORD-90476,SUCCESS,2026-08-03 15:33:32
TXN-90477,3499.0,INR,CARD,MER-1034,ORD-90477,SUCCESS,2026-08-03 15:41:42
TXN-90478,2899.0,INR,UPI,MER-1018,ORD-90478,SUCCESS,2026-08-03 15:49:25
TXN-90479,2899.0,INR,CARD,MER-1032,ORD-90479,SUCCESS,2026-08-03 15:57:27
TXN-90480,1250.0,INR,NETBANKING,MER-1075,ORD-90480,SUCCESS,2026-08-03 16:01:52
TXN-90481,799.0,INR,NETBANKING,MER-1092,ORD-90481,SUCCESS,2026-08-03 16:12:46
TXN-90482,499.0,INR,CARD,MER-1031,ORD-90482,SUCCESS,2026-08-03 16:16:02
TXN-90483,1999.0,INR,NETBANKING,MER-1037,ORD-90483,SUCCESS,2026-08-03 16:23:54
TXN-90484,8999.0,INR,NETBANKING,MER-1043,ORD-90484,SUCCESS,2026-08-03 16:33:41
TXN-90485,1499.0,INR,NETBANKING,MER-1056,ORD-90485,FAILED,2026-08-03 16:39:00
TXN-90486,499.0,INR,NETBANKING,MER-1045,ORD-90486,SUCCESS,2026-08-03 16:42:28
TXN-90487,3499.0,INR,CARD,MER-1024,ORD-90487,SUCCESS,2026-08-03 16:52:48
TXN-90488,1999.0,INR,UPI,MER-1028,ORD-90488,SUCCESS,2026-08-03 16:58:00
TXN-90489,3499.0,INR,NETBANKING,MER-1076,ORD-90489,SUCCESS,2026-08-03 17:08:35
TXN-90490,1999.0,INR,CARD,MER-1067,ORD-90490,PENDING,2026-08-03 17:10:43
TXN-90491,4999.0,INR,NETBANKING,MER-1080,ORD-90491,SUCCESS,2026-08-03 17:18:37
TXN-90492,1599.0,INR,UPI,MER-1088,ORD-90492,SUCCESS,2026-08-03 17:24:39
TXN-90493,2899.0,INR,CARD,MER-1090,ORD-90493,SUCCESS,2026-08-03 17:36:16
TXN-90494,1250.0,INR,UPI,MER-1019,ORD-90494,SUCCESS,2026-08-03 17:41:49
TXN-90495,299.0,INR,NETBANKING,MER-1090,ORD-90495,SUCCESS,2026-08-03 17:50:25
TXN-90496,8999.0,INR,NETBANKING,MER-1075,ORD-90496,SUCCESS,2026-08-03 17:54:59
TXN-90497,4999.0,INR,CARD,MER-1004,ORD-90497,SUCCESS,2026-08-03 18:04:42
TXN-90498,299.0,INR,UPI,MER-1050,ORD-90498,SUCCESS,2026-08-03 18:07:59
TXN-90499,12500.0,INR,CARD,MER-1029,ORD-90499,SUCCESS,2026-08-03 18:14:05
TXN-90500,4999.0,INR,CARD,MER-1019,ORD-90500,SUCCESS,2026-08-03 18:23:15
TXN-90501,4200.0,INR,NETBANKING,MER-1100,ORD-90501,SUCCESS,2026-08-03 18:27:31
TXN-90502,4200.0,INR,NETBANKING,MER-1095,ORD-90502,SUCCESS,2026-08-03 18:39:20
TXN-90503,4200.0,INR,UPI,MER-1073,ORD-90503,SUCCESS,2026-08-03 18:41:10
TXN-90504,3499.0,INR,UPI,MER-1041,ORD-90504,SUCCESS,2026-08-03 18:48:06
TXN-90505,8999.0,INR,CARD,MER-1100,ORD-90505,SUCCESS,2026-08-03 18:58:42
TXN-90506,199.0,INR,NETBANKING,MER-1063,ORD-90506,SUCCESS,2026-08-03 19:03:21
TXN-90507,1999.0,INR,NETBANKING,MER-1044,ORD-90507,SUCCESS,2026-08-03 19:13:18
TXN-90508,2499.0,INR,CARD,MER-1057,ORD-90508,SUCCESS,2026-08-03 19:17:13
TXN-90509,299.0,INR,CARD,MER-1036,ORD-90509,SUCCESS,2026-08-03 19:24:04
TXN-90510,3499.0,INR,UPI,MER-1064,ORD-90510,SUCCESS,2026-08-03 19:34:36
TXN-90511,1250.0,INR,NETBANKING,MER-1096,ORD-90511,SUCCESS,2026-08-03 19:39:18
TXN-90512,799.0,INR,UPI,MER-1090,ORD-90512,SUCCESS,2026-08-03 19:48:50
TXN-90513,3499.0,INR,NETBANKING,MER-1035,ORD-90513,SUCCESS,2026-08-03 19:53:14
TXN-90514,299.0,INR,UPI,MER-1098,ORD-90514,SUCCESS,2026-08-03 20:03:02
TXN-90515,2899.0,INR,NETBANKING,MER-1042,ORD-90515,SUCCESS,2026-08-03 20:09:14
TXN-90516,1499.0,INR,NETBANKING,MER-1069,ORD-90516,SUCCESS,2026-08-03 20:14:19
TXN-90517,6750.0,INR,NETBANKING,MER-1099,ORD-90517,SUCCESS,2026-08-03 20:21:02
TXN-90518,999.0,INR,NETBANKING,MER-1069,ORD-90518,FAILED,2026-08-03 20:30:16
TXN-90519,2499.0,INR,CARD,MER-1038,ORD-90519,SUCCESS,2026-08-03 20:35:42
TXN-90520,6750.0,INR,NETBANKING,MER-1035,ORD-90520,SUCCESS,2026-08-03 20:42:49
TXN-90521,299.0,INR,UPI,MER-1068,ORD-90521,PENDING,2026-08-03 20:51:58
TXN-90522,8999.0,INR,CARD,MER-1029,ORD-90522,SUCCESS,2026-08-03 20:58:07
TXN-90523,199.0,INR,UPI,MER-1011,ORD-90523,SUCCESS,2026-08-03 21:02:03
TXN-90524,199.0,INR,UPI,MER-1065,ORD-90524,SUCCESS,2026-08-03 21:13:28
TXN-90525,799.0,INR,CARD,MER-1018,ORD-90525,SUCCESS,2026-08-03 21:18:03
TXN-90526,2499.0,INR,NETBANKING,MER-1098,ORD-90526,SUCCESS,2026-08-03 21:24:14
TXN-90527,499.0,INR,CARD,MER-1082,ORD-90527,SUCCESS,2026-08-03 21:29:59
TXN-90528,4200.0,INR,NETBANKING,MER-1021,ORD-90528,SUCCESS,2026-08-03 21:36:04
TXN-90529,8999.0,INR,CARD,MER-1034,ORD-90529,SUCCESS,2026-08-03 21:43:17
TXN-90530,2499.0,INR,NETBANKING,MER-1049,ORD-90530,SUCCESS,2026-08-03 21:55:20
TXN-90531,2899.0,INR,NETBANKING,MER-1046,ORD-90531,SUCCESS,2026-08-03 22:01:51
TXN-90532,799.0,INR,UPI,MER-1018,ORD-90532,SUCCESS,2026-08-03 22:04:23
TXN-90533,299.0,INR,CARD,MER-1073,ORD-90533,SUCCESS,2026-08-03 22:14:16
TXN-90534,999.0,INR,CARD,MER-1068,ORD-90534,SUCCESS,2026-08-03 22:19:56
TXN-90535,4999.0,INR,UPI,MER-1063,ORD-90535,PENDING,2026-08-03 22:25:30
TXN-90536,6750.0,INR,NETBANKING,MER-1072,ORD-90536,PENDING,2026-08-03 22:33:16
TXN-90537,4999.0,INR,UPI,MER-1009,ORD-90537,SUCCESS,2026-08-03 22:42:16
TXN-90538,199.0,INR,CARD,MER-1041,ORD-90538,SUCCESS,2026-08-03 22:51:04
TXN-90539,1250.0,INR,NETBANKING,MER-1098,ORD-90539,SUCCESS,2026-08-03 22:53:05
TXN-90540,1499.0,INR,CARD,MER-1008,ORD-90540,SUCCESS,2026-08-03 23:01:19
TXN-90541,1250.0,INR,CARD,MER-1022,ORD-90541,SUCCESS,2026-08-03 23:12:46
TXN-90542,12500.0,INR,CARD,MER-1005,ORD-90542,SUCCESS,2026-08-03 23:18:22
TXN-90543,199.0,INR,CARD,MER-1039,ORD-90543,SUCCESS,2026-08-03 23:25:19
TXN-90544,6750.0,INR,NETBANKING,MER-1050,ORD-90544,FAILED,2026-08-03 23:32:53
TXN-90545,4999.0,INR,CARD,MER-1036,ORD-90545,SUCCESS,2026-08-03 23:36:04
TXN-90546,3499.0,INR,UPI,MER-1024,ORD-90546,SUCCESS,2026-08-03 23:42:22
TXN-90547,4999.0,INR,NETBANKING,MER-1086,ORD-90547,SUCCESS,2026-08-03 23:54:55
TXN-90548,4999.0,INR,NETBANKING,MER-1085,ORD-90548,SUCCESS,2026-08-03 23:56:08
TXN-90549,6750.0,INR,CARD,MER-1022,ORD-90549,FAILED,2026-08-04 00:07:07
TXN-90550,4999.0,INR,CARD,MER-1019,ORD-90550,PENDING,2026-08-04 00:14:30
TXN-90551,2499.0,INR,NETBANKING,MER-1035,ORD-90551,SUCCESS,2026-08-04 00:21:32
TXN-90552,1999.0,INR,UPI,MER-1001,ORD-90552,SUCCESS,2026-08-04 00:28:48
TXN-90553,1999.0,INR,UPI,MER-1080,ORD-90553,PENDING,2026-08-04 00:35:39
TXN-90554,6750.0,INR,UPI,MER-1005,ORD-90554,SUCCESS,2026-08-04 00:38:46
TXN-90555,3499.0,INR,UPI,MER-1052,ORD-90555,SUCCESS,2026-08-04 00:47:22
TXN-90556,1250.0,INR,NETBANKING,MER-1089,ORD-90556,SUCCESS,2026-08-04 00:52:03
TXN-90557,4200.0,INR,CARD,MER-1030,ORD-90557,SUCCESS,2026-08-04 01:04:15
TXN-90558,4999.0,INR,CARD,MER-1013,ORD-90558,SUCCESS,2026-08-04 01:11:37
TXN-90559,1999.0,INR,UPI,MER-1062,ORD-90559,SUCCESS,2026-08-04 01:13:17
TXN-90560,199.0,INR,NETBANKING,MER-1056,ORD-90560,SUCCESS,2026-08-04 01:24:08
TXN-90561,1250.0,INR,UPI,MER-1014,ORD-90561,SUCCESS,2026-08-04 01:27:37
TXN-90562,6750.0,INR,CARD,MER-1074,ORD-90562,SUCCESS,2026-08-04 01:37:21
TXN-90563,799.0,INR,CARD,MER-1090,ORD-90563,SUCCESS,2026-08-04 01:43:13
TXN-90564,2899.0,INR,CARD,MER-1038,ORD-90564,SUCCESS,2026-08-04 01:48:38
TXN-90565,4200.0,INR,UPI,MER-1046,ORD-90565,SUCCESS,2026-08-04 01:56:51
TXN-90566,12500.0,INR,UPI,MER-1001,ORD-90566,SUCCESS,2026-08-04 02:03:19
TXN-90567,999.0,INR,NETBANKING,MER-1050,ORD-90567,PENDING,2026-08-04 02:10:02
TXN-90568,12500.0,INR,UPI,MER-1049,ORD-90568,SUCCESS,2026-08-04 02:19:14
TXN-90569,6750.0,INR,CARD,MER-1003,ORD-90569,SUCCESS,2026-08-04 02:27:48
TXN-90570,1499.0,INR,NETBANKING,MER-1053,ORD-90570,SUCCESS,2026-08-04 02:35:01
TXN-90571,4200.0,INR,NETBANKING,MER-1020,ORD-90571,PENDING,2026-08-04 02:41:33
TXN-90572,799.0,INR,CARD,MER-1002,ORD-90572,SUCCESS,2026-08-04 02:48:26
TXN-90573,799.0,INR,UPI,MER-1028,ORD-90573,PENDING,2026-08-04 02:55:46
TXN-90574,4999.0,INR,CARD,MER-1036,ORD-90574,SUCCESS,2026-08-04 02:59:47
TXN-90575,799.0,INR,UPI,MER-1032,ORD-90575,SUCCESS,2026-08-04 03:09:31
TXN-90576,299.0,INR,NETBANKING,MER-1095,ORD-90576,SUCCESS,2026-08-04 03:14:33
TXN-90577,1999.0,INR,CARD,MER-1029,ORD-90577,SUCCESS,2026-08-04 03:22:07
TXN-90578,2499.0,INR,CARD,MER-1057,ORD-90578,SUCCESS,2026-08-04 03:31:21
TXN-90579,2499.0,INR,CARD,MER-1001,ORD-90579,SUCCESS,2026-08-04 03:33:20
TXN-90580,299.0,INR,CARD,MER-1060,ORD-90580,SUCCESS,2026-08-04 03:44:24
TXN-90581,199.0,INR,UPI,MER-1044,ORD-90581,SUCCESS,2026-08-04 03:48:01
TXN-90582,8999.0,INR,NETBANKING,MER-1098,ORD-90582,SUCCESS,2026-08-04 03:57:48
TXN-90583,1499.0,INR,NETBANKING,MER-1079,ORD-90583,SUCCESS,2026-08-04 04:01:35
TXN-90584,1599.0,INR,UPI,MER-1024,ORD-90584,SUCCESS,2026-08-04 04:12:20
TXN-90585,3499.0,INR,UPI,MER-1036,ORD-90585,SUCCESS,2026-08-04 04:20:03
TXN-90586,1599.0,INR,UPI,MER-1019,ORD-90586,SUCCESS,2026-08-04 04:26:19
TXN-90587,6750.0,INR,UPI,MER-1019,ORD-90587,SUCCESS,2026-08-04 04:31:18
TXN-90588,8999.0,INR,CARD,MER-1042,ORD-90588,SUCCESS,2026-08-04 04:38:12
TXN-90589,2899.0,INR,NETBANKING,MER-1022,ORD-90589,SUCCESS,2026-08-04 04:44:12
TXN-90590,6750.0,INR,NETBANKING,MER-1074,ORD-90590,SUCCESS,2026-08-04 04:51:47
TXN-90591,6750.0,INR,CARD,MER-1027,ORD-90591,SUCCESS,2026-08-04 05:02:50
TXN-90592,1999.0,INR,NETBANKING,MER-1052,ORD-90592,SUCCESS,2026-08-04 05:07:19
TXN-90593,2899.0,INR,UPI,MER-1022,ORD-90593,SUCCESS,2026-08-04 05:15:52
TXN-90594,299.0,INR,CARD,MER-1028,ORD-90594,SUCCESS,2026-08-04 05:23:13
TXN-90595,8999.0,INR,NETBANKING,MER-1029,ORD-90595,SUCCESS,2026-08-04 05:29:43
TXN-90596,6750.0,INR,UPI,MER-1006,ORD-90596,SUCCESS,2026-08-04 05:34:47
TXN-90597,8999.0,INR,NETBANKING,MER-1036,ORD-90597,SUCCESS,2026-08-04 05:40:54
TXN-90598,1250.0,INR,NETBANKING,MER-1014,ORD-90598,SUCCESS,2026-08-04 05:47:12
TXN-90599,199.0,INR,UPI,MER-1073,ORD-90599,SUCCESS,2026-08-04 05:53:16
TXN-90600,4200.0,INR,CARD,MER-1013,ORD-90600,SUCCESS,2026-08-04 06:00:33
TXN-90601,799.0,INR,NETBANKING,MER-1004,ORD-90601,SUCCESS,2026-08-04 06:10:15
TXN-90602,499.0,INR,UPI,MER-1067,ORD-90602,SUCCESS,2026-08-04 06:15:41
TXN-90603,4999.0,INR,NETBANKING,MER-1039,ORD-90603,SUCCESS,2026-08-04 06:26:32
TXN-90604,12500.0,INR,CARD,MER-1095,ORD-90604,SUCCESS,2026-08-04 06:29:16
TXN-90605,3499.0,INR,CARD,MER-1005,ORD-90605,SUCCESS,2026-08-04 06:40:21
TXN-90606,999.0,INR,NETBANKING,MER-1004,ORD-90606,FAILED,2026-08-04 06:45:15
TXN-90607,2499.0,INR,NETBANKING,MER-1053,ORD-90607,SUCCESS,2026-08-04 06:52:03
TXN-90608,8999.0,INR,NETBANKING,MER-1019,ORD-90608,PENDING,2026-08-04 06:57:34
TXN-90609,4200.0,INR,CARD,MER-1058,ORD-90609,SUCCESS,2026-08-04 07:04:06
TXN-90610,2499.0,INR,CARD,MER-1042,ORD-90610,SUCCESS,2026-08-04 07:12:04
TXN-90611,8999.0,INR,UPI,MER-1019,ORD-90611,SUCCESS,2026-08-04 07:17:45
TXN-90612,4200.0,INR,UPI,MER-1024,ORD-90612,PENDING,2026-08-04 07:29:44
TXN-90613,6750.0,INR,UPI,MER-1072,ORD-90613,SUCCESS,2026-08-04 07:31:29
TXN-90614,2499.0,INR,NETBANKING,MER-1055,ORD-90614,SUCCESS,2026-08-04 07:39:50
TXN-90615,8999.0,INR,UPI,MER-1075,ORD-90615,SUCCESS,2026-08-04 07:50:30
TXN-90616,4200.0,INR,CARD,MER-1079,ORD-90616,SUCCESS,2026-08-04 07:54:32
TXN-90617,299.0,INR,UPI,MER-1075,ORD-90617,SUCCESS,2026-08-04 08:00:30
TXN-90618,299.0,INR,CARD,MER-1029,ORD-90618,SUCCESS,2026-08-04 08:10:02
TXN-90619,1999.0,INR,UPI,MER-1048,ORD-90619,SUCCESS,2026-08-04 08:17:30
TXN-90620,2899.0,INR,UPI,MER-1032,ORD-90620,FAILED,2026-08-04 08:24:26
TXN-90621,799.0,INR,UPI,MER-1079,ORD-90621,FAILED,2026-08-04 08:31:48
TXN-90622,999.0,INR,UPI,MER-1084,ORD-90622,SUCCESS,2026-08-04 08:39:04
TXN-90623,4999.0,INR,UPI,MER-1025,ORD-90623,SUCCESS,2026-08-04 08:46:00
TXN-90624,2899.0,INR,UPI,MER-1089,ORD-90624,SUCCESS,2026-08-04 08:48:43
TXN-90625,1999.0,INR,CARD,MER-1073,ORD-90625,SUCCESS,2026-08-04 08:57:08
TXN-90626,499.0,INR,UPI,MER-1029,ORD-90626,SUCCESS,2026-08-04 09:03:14
TXN-90627,999.0,INR,NETBANKING,MER-1061,ORD-90627,SUCCESS,2026-08-04 09:12:40
TXN-90628,12500.0,INR,CARD,MER-1094,ORD-90628,SUCCESS,2026-08-04 09:19:22
TXN-90629,1250.0,INR,NETBANKING,MER-1024,ORD-90629,SUCCESS,2026-08-04 09:27:35
TXN-90630,12500.0,INR,UPI,MER-1077,ORD-90630,SUCCESS,2026-08-04 09:31:40
TXN-90631,1250.0,INR,NETBANKING,MER-1023,ORD-90631,SUCCESS,2026-08-04 09:42:54
TXN-90632,3499.0,INR,UPI,MER-1089,ORD-90632,SUCCESS,2026-08-04 09:48:59
TXN-90633,2499.0,INR,UPI,MER-1092,ORD-90633,PENDING,2026-08-04 09:52:11
TXN-90634,199.0,INR,CARD,MER-1084,ORD-90634,SUCCESS,2026-08-04 10:03:09
TXN-90635,499.0,INR,CARD,MER-1054,ORD-90635,SUCCESS,2026-08-04 10:10:48
TXN-90636,8999.0,INR,UPI,MER-1079,ORD-90636,SUCCESS,2026-08-04 10:16:10
TXN-90637,2499.0,INR,CARD,MER-1012,ORD-90637,SUCCESS,2026-08-04 10:19:01
TXN-90638,2499.0,INR,UPI,MER-1070,ORD-90638,SUCCESS,2026-08-04 10:31:45
TXN-90639,1250.0,INR,NETBANKING,MER-1028,ORD-90639,SUCCESS,2026-08-04 10:35:50
TXN-90640,12500.0,INR,CARD,MER-1012,ORD-90640,PENDING,2026-08-04 10:43:34
TXN-90641,199.0,INR,CARD,MER-1045,ORD-90641,PENDING,2026-08-04 10:48:25
TXN-90642,4200.0,INR,CARD,MER-1063,ORD-90642,FAILED,2026-08-04 10:59:21
TXN-90643,1499.0,INR,UPI,MER-1028,ORD-90643,SUCCESS,2026-08-04 11:04:54
TXN-90644,299.0,INR,NETBANKING,MER-1068,ORD-90644,FAILED,2026-08-04 11:13:28
TXN-90645,4200.0,INR,CARD,MER-1085,ORD-90645,PENDING,2026-08-04 11:15:08
TXN-90646,3499.0,INR,NETBANKING,MER-1070,ORD-90646,SUCCESS,2026-08-04 11:22:37
TXN-90647,2499.0,INR,CARD,MER-1001,ORD-90647,SUCCESS,2026-08-04 11:34:13
TXN-90648,2899.0,INR,NETBANKING,MER-1019,ORD-90648,SUCCESS,2026-08-04 11:41:35
TXN-90649,8999.0,INR,CARD,MER-1092,ORD-90649,SUCCESS,2026-08-04 11:45:39
TXN-90650,6750.0,INR,UPI,MER-1059,ORD-90650,PENDING,2026-08-04 11:54:22
TXN-90651,12500.0,INR,CARD,MER-1014,ORD-90651,SUCCESS,2026-08-04 12:01:16
TXN-90652,1999.0,INR,NETBANKING,MER-1014,ORD-90652,SUCCESS,2026-08-04 12:08:48
TXN-90653,999.0,INR,CARD,MER-1057,ORD-90653,SUCCESS,2026-08-04 12:14:38
TXN-90654,1599.0,INR,CARD,MER-1020,ORD-90654,SUCCESS,2026-08-04 12:22:28
TXN-90655,299.0,INR,UPI,MER-1058,ORD-90655,SUCCESS,2026-08-04 12:26:26
TXN-90656,2899.0,INR,UPI,MER-1016,ORD-90656,PENDING,2026-08-04 12:37:27
TXN-90657,2499.0,INR,CARD,MER-1028,ORD-90657,SUCCESS,2026-08-04 12:42:52
TXN-90658,1250.0,INR,CARD,MER-1052,ORD-90658,FAILED,2026-08-04 12:49:40
TXN-90659,199.0,INR,NETBANKING,MER-1055,ORD-90659,SUCCESS,2026-08-04 12:58:18
TXN-90660,1599.0,INR,NETBANKING,MER-1074,ORD-90660,SUCCESS,2026-08-04 13:04:02
TXN-90661,6750.0,INR,CARD,MER-1085,ORD-90661,PENDING,2026-08-04 13:08:58
TXN-90662,1999.0,INR,CARD,MER-1080,ORD-90662,SUCCESS,2026-08-04 13:15:17
TXN-90663,799.0,INR,CARD,MER-1040,ORD-90663,SUCCESS,2026-08-04 13:22:10
TXN-90664,1999.0,INR,UPI,MER-1086,ORD-90664,SUCCESS,2026-08-04 13:29:59
TXN-90665,1599.0,INR,CARD,MER-1090,ORD-90665,FAILED,2026-08-04 13:36:07
TXN-90666,299.0,INR,NETBANKING,MER-1012,ORD-90666,PENDING,2026-08-04 13:44:51
TXN-90667,1250.0,INR,CARD,MER-1080,ORD-90667,SUCCESS,2026-08-04 13:50:35
TXN-90668,4999.0,INR,UPI,MER-1025,ORD-90668,SUCCESS,2026-08-04 13:58:42
TXN-90669,199.0,INR,UPI,MER-1080,ORD-90669,SUCCESS,2026-08-04 14:06:24
TXN-90670,2499.0,INR,UPI,MER-1079,ORD-90670,SUCCESS,2026-08-04 14:14:11
TXN-90671,12500.0,INR,CARD,MER-1093,ORD-90671,SUCCESS,2026-08-04 14:17:25
TXN-90672,499.0,INR,NETBANKING,MER-1061,ORD-90672,SUCCESS,2026-08-04 14:29:52
TXN-90673,1499.0,INR,CARD,MER-1004,ORD-90673,SUCCESS,2026-08-04 14:36:26
TXN-90674,1999.0,INR,CARD,MER-1071,ORD-90674,SUCCESS,2026-08-04 14:43:37
TXN-90675,1250.0,INR,CARD,MER-1085,ORD-90675,SUCCESS,2026-08-04 14:46:19
TXN-90676,2499.0,INR,NETBANKING,MER-1009,ORD-90676,SUCCESS,2026-08-04 14:53:37
TXN-90677,6750.0,INR,NETBANKING,MER-1081,ORD-90677,SUCCESS,2026-08-04 15:04:24
TXN-90678,1499.0,INR,CARD,MER-1076,ORD-90678,PENDING,2026-08-04 15:07:30
TXN-90679,2499.0,INR,CARD,MER-1028,ORD-90679,PENDING,2026-08-04 15:17:26
TXN-90680,999.0,INR,CARD,MER-1016,ORD-90680,PENDING,2026-08-04 15:24:54
TXN-90681,199.0,INR,NETBANKING,MER-1025,ORD-90681,SUCCESS,2026-08-04 15:30:38
TXN-90682,499.0,INR,UPI,MER-1021,ORD-90682,SUCCESS,2026-08-04 15:37:42
TXN-90683,3499.0,INR,UPI,MER-1012,ORD-90683,SUCCESS,2026-08-04 15:42:37
TXN-90684,299.0,INR,UPI,MER-1038,ORD-90684,SUCCESS,2026-08-04 15:53:40
TXN-90685,499.0,INR,CARD,MER-1062,ORD-90685,FAILED,2026-08-04 16:00:38
TXN-90686,299.0,INR,NETBANKING,MER-1067,ORD-90686,SUCCESS,2026-08-04 16:02:27
TXN-90687,999.0,INR,UPI,MER-1029,ORD-90687,SUCCESS,2026-08-04 16:10:20
TXN-90688,12500.0,INR,NETBANKING,MER-1057,ORD-90688,SUCCESS,2026-08-04 16:19:38
TXN-90689,6750.0,INR,UPI,MER-1100,ORD-90689,SUCCESS,2026-08-04 16:23:16
TXN-90690,4999.0,INR,UPI,MER-1071,ORD-90690,SUCCESS,2026-08-04 16:34:23
TXN-90691,199.0,INR,NETBANKING,MER-1044,ORD-90691,SUCCESS,2026-08-04 16:37:14
TXN-90692,6750.0,INR,UPI,MER-1060,ORD-90692,SUCCESS,2026-08-04 16:49:40
TXN-90693,999.0,INR,UPI,MER-1023,ORD-90693,SUCCESS,2026-08-04 16:55:18
TXN-90694,2899.0,INR,CARD,MER-1064,ORD-90694,SUCCESS,2026-08-04 17:03:47
TXN-90695,499.0,INR,UPI,MER-1031,ORD-90695,SUCCESS,2026-08-04 17:07:00
TXN-90696,499.0,INR,CARD,MER-1092,ORD-90696,SUCCESS,2026-08-04 17:16:04
TXN-90697,2899.0,INR,CARD,MER-1011,ORD-90697,SUCCESS,2026-08-04 17:22:36
TXN-90698,8999.0,INR,UPI,MER-1091,ORD-90698,SUCCESS,2026-08-04 17:30:02
TXN-90699,1499.0,INR,NETBANKING,MER-1034,ORD-90699,SUCCESS,2026-08-04 17:35:05
TXN-90700,2899.0,INR,NETBANKING,MER-1025,ORD-90700,SUCCESS,2026-08-04 17:40:14
TXN-90701,1599.0,INR,UPI,MER-1004,ORD-90701,FAILED,2026-08-04 17:50:45
TXN-90702,8999.0,INR,CARD,MER-1077,ORD-90702,SUCCESS,2026-08-04 17:54:56
TXN-90703,1499.0,INR,UPI,MER-1030,ORD-90703,SUCCESS,2026-08-04 18:06:34
TXN-90704,2899.0,INR,NETBANKING,MER-1032,ORD-90704,SUCCESS,2026-08-04 18:10:23
TXN-90705,3499.0,INR,CARD,MER-1016,ORD-90705,SUCCESS,2026-08-04 18:15:28
TXN-90706,8999.0,INR,NETBANKING,MER-1045,ORD-90706,SUCCESS,2026-08-04 18:23:20
TXN-90707,799.0,INR,NETBANKING,MER-1074,ORD-90707,SUCCESS,2026-08-04 18:32:48
TXN-90708,8999.0,INR,CARD,MER-1008,ORD-90708,SUCCESS,2026-08-04 18:36:58
TXN-90709,6750.0,INR,NETBANKING,MER-1049,ORD-90709,SUCCESS,2026-08-04 18:44:56
TXN-90710,1599.0,INR,CARD,MER-1010,ORD-90710,SUCCESS,2026-08-04 18:54:45
TXN-90711,2499.0,INR,CARD,MER-1008,ORD-90711,SUCCESS,2026-08-04 18:59:48
TXN-90712,1250.0,INR,UPI,MER-1048,ORD-90712,SUCCESS,2026-08-04 19:06:57
TXN-90713,2899.0,INR,UPI,MER-1014,ORD-90713,SUCCESS,2026-08-04 19:11:58
TXN-90714,12500.0,INR,CARD,MER-1025,ORD-90714,FAILED,2026-08-04 19:22:00
TXN-90715,4200.0,INR,CARD,MER-1033,ORD-90715,SUCCESS,2026-08-04 19:25:16
TXN-90716,4999.0,INR,UPI,MER-1043,ORD-90716,PENDING,2026-08-04 19:35:23
TXN-90717,4999.0,INR,CARD,MER-1044,ORD-90717,SUCCESS,2026-08-04 19:44:34
TXN-90718,12500.0,INR,NETBANKING,MER-1009,ORD-90718,SUCCESS,2026-08-04 19:48:16
TXN-90719,8999.0,INR,CARD,MER-1088,ORD-90719,SUCCESS,2026-08-04 19:53:53
TXN-90720,2899.0,INR,UPI,MER-1055,ORD-90720,PENDING,2026-08-04 20:02:01
TXN-90721,2899.0,INR,NETBANKING,MER-1044,ORD-90721,SUCCESS,2026-08-04 20:11:40
TXN-90722,3499.0,INR,UPI,MER-1028,ORD-90722,SUCCESS,2026-08-04 20:16:58
TXN-90723,1599.0,INR,UPI,MER-1066,ORD-90723,SUCCESS,2026-08-04 20:26:17
TXN-90724,999.0,INR,UPI,MER-1045,ORD-90724,SUCCESS,2026-08-04 20:30:17
TXN-90725,6750.0,INR,CARD,MER-1081,ORD-90725,SUCCESS,2026-08-04 20:40:34
TXN-90726,199.0,INR,UPI,MER-1040,ORD-90726,SUCCESS,2026-08-04 20:45:04
TXN-90727,1250.0,INR,NETBANKING,MER-1026,ORD-90727,SUCCESS,2026-08-04 20:49:17
TXN-90728,2499.0,INR,NETBANKING,MER-1003,ORD-90728,PENDING,2026-08-04 20:56:37
TXN-90729,12500.0,INR,UPI,MER-1072,ORD-90729,SUCCESS,2026-08-04 21:06:10
TXN-90730,799.0,INR,CARD,MER-1033,ORD-90730,SUCCESS,2026-08-04 21:10:24
TXN-90731,4999.0,INR,NETBANKING,MER-1059,ORD-90731,SUCCESS,2026-08-04 21:19:11
TXN-90732,199.0,INR,UPI,MER-1053,ORD-90732,SUCCESS,2026-08-04 21:25:39
TXN-90733,1499.0,INR,NETBANKING,MER-1002,ORD-90733,SUCCESS,2026-08-04 21:33:28
TXN-90734,999.0,INR,NETBANKING,MER-1093,ORD-90734,SUCCESS,2026-08-04 21:39:27
TXN-90735,1999.0,INR,NETBANKING,MER-1050,ORD-90735,SUCCESS,2026-08-04 21:45:06
TXN-90736,1999.0,INR,UPI,MER-1034,ORD-90736,SUCCESS,2026-08-04 21:55:09
TXN-90737,799.0,INR,CARD,MER-1083,ORD-90737,SUCCESS,2026-08-04 22:01:40
TXN-90738,199.0,INR,UPI,MER-1045,ORD-90738,SUCCESS,2026-08-04 22:07:27
TXN-90739,1499.0,INR,NETBANKING,MER-1037,ORD-90739,FAILED,2026-08-04 22:16:29
TXN-90740,1599.0,INR,UPI,MER-1092,ORD-90740,SUCCESS,2026-08-04 22:20:18
TXN-90741,799.0,INR,UPI,MER-1079,ORD-90741,SUCCESS,2026-08-04 22:29:48
TXN-90742,199.0,INR,CARD,MER-1051,ORD-90742,SUCCESS,2026-08-04 22:38:17
TXN-90743,1599.0,INR,UPI,MER-1064,ORD-90743,SUCCESS,2026-08-04 22:45:44
TXN-90744,12500.0,INR,CARD,MER-1077,ORD-90744,SUCCESS,2026-08-04 22:53:03
TXN-90745,6750.0,INR,NETBANKING,MER-1002,ORD-90745,SUCCESS,2026-08-04 22:58:46
TXN-90746,6750.0,INR,NETBANKING,MER-1074,ORD-90746,SUCCESS,2026-08-04 23:04:55
TXN-90747,799.0,INR,NETBANKING,MER-1045,ORD-90747,SUCCESS,2026-08-04 23:09:08
TXN-90748,499.0,INR,UPI,MER-1081,ORD-90748,SUCCESS,2026-08-04 23:18:18
TXN-90749,4999.0,INR,NETBANKING,MER-1093,ORD-90749,SUCCESS,2026-08-04 23:24:18
TXN-90750,12500.0,INR,CARD,MER-1093,ORD-90750,FAILED,2026-08-04 23:33:47
TXN-90751,4200.0,INR,CARD,MER-1016,ORD-90751,SUCCESS,2026-08-04 23:37:11
TXN-90752,4200.0,INR,NETBANKING,MER-1085,ORD-90752,PENDING,2026-08-04 23:49:18
TXN-90753,999.0,INR,NETBANKING,MER-1037,ORD-90753,SUCCESS,2026-08-04 23:52:31
TXN-90754,799.0,INR,NETBANKING,MER-1086,ORD-90754,SUCCESS,2026-08-04 23:58:42
TXN-90755,799.0,INR,CARD,MER-1081,ORD-90755,FAILED,2026-08-05 00:05:20
TXN-90756,4200.0,INR,CARD,MER-1091,ORD-90756,PENDING,2026-08-05 00:17:01
TXN-90757,4999.0,INR,NETBANKING,MER-1074,ORD-90757,SUCCESS,2026-08-05 00:19:48
TXN-90758,4999.0,INR,CARD,MER-1012,ORD-90758,SUCCESS,2026-08-05 00:26:34
TXN-90759,1499.0,INR,UPI,MER-1074,ORD-90759,SUCCESS,2026-08-05 00:33:46
TXN-90760,3499.0,INR,UPI,MER-1080,ORD-90760,SUCCESS,2026-08-05 00:42:43
TXN-90761,499.0,INR,UPI,MER-1010,ORD-90761,SUCCESS,2026-08-05 00:52:32
TXN-90762,1599.0,INR,UPI,MER-1051,ORD-90762,SUCCESS,2026-08-05 00:59:11
TXN-90763,1599.0,INR,CARD,MER-1083,ORD-90763,FAILED,2026-08-05 01:04:08
TXN-90764,12500.0,INR,CARD,MER-1039,ORD-90764,SUCCESS,2026-08-05 01:08:44
TXN-90765,12500.0,INR,CARD,MER-1082,ORD-90765,SUCCESS,2026-08-05 01:18:34
TXN-90766,3499.0,INR,UPI,MER-1069,ORD-90766,FAILED,2026-08-05 01:25:14
TXN-90767,999.0,INR,NETBANKING,MER-1080,ORD-90767,SUCCESS,2026-08-05 01:33:59
TXN-90768,1999.0,INR,CARD,MER-1044,ORD-90768,SUCCESS,2026-08-05 01:41:12
TXN-90769,999.0,INR,CARD,MER-1079,ORD-90769,SUCCESS,2026-08-05 01:48:53
TXN-90770,2899.0,INR,UPI,MER-1055,ORD-90770,SUCCESS,2026-08-05 01:55:33
TXN-90771,499.0,INR,CARD,MER-1016,ORD-90771,SUCCESS,2026-08-05 01:57:20
TXN-90772,499.0,INR,CARD,MER-1058,ORD-90772,SUCCESS,2026-08-05 02:08:40
TXN-90773,6750.0,INR,UPI,MER-1045,ORD-90773,FAILED,2026-08-05 02:15:40
TXN-90774,999.0,INR,NETBANKING,MER-1092,ORD-90774,PENDING,2026-08-05 02:19:22
TXN-90775,199.0,INR,UPI,MER-1040,ORD-90775,SUCCESS,2026-08-05 02:29:08
TXN-90776,1599.0,INR,CARD,MER-1092,ORD-90776,SUCCESS,2026-08-05 02:34:14
TXN-90777,799.0,INR,UPI,MER-1041,ORD-90777,SUCCESS,2026-08-05 02:42:34
TXN-90778,1499.0,INR,CARD,MER-1026,ORD-90778,SUCCESS,2026-08-05 02:48:26
TXN-90779,3499.0,INR,CARD,MER-1019,ORD-90779,SUCCESS,2026-08-05 02:57:22
TXN-90780,2899.0,INR,UPI,MER-1018,ORD-90780,SUCCESS,2026-08-05 03:01:32
TXN-90781,2899.0,INR,CARD,MER-1021,ORD-90781,SUCCESS,2026-08-05 03:07:02
TXN-90782,1250.0,INR,UPI,MER-1075,ORD-90782,PENDING,2026-08-05 03:16:43
TXN-90783,999.0,INR,UPI,MER-1046,ORD-90783,SUCCESS,2026-08-05 03:25:08
TXN-90784,299.0,INR,NETBANKING,MER-1083,ORD-90784,SUCCESS,2026-08-05 03:30:27
TXN-90785,199.0,INR,NETBANKING,MER-1069,ORD-90785,SUCCESS,2026-08-05 03:36:14
TXN-90786,6750.0,INR,UPI,MER-1092,ORD-90786,SUCCESS,2026-08-05 03:45:45
TXN-90787,799.0,INR,CARD,MER-1100,ORD-90787,SUCCESS,2026-08-05 03:52:02
TXN-90788,12500.0,INR,UPI,MER-1011,ORD-90788,SUCCESS,2026-08-05 03:57:17
TXN-90789,999.0,INR,NETBANKING,MER-1066,ORD-90789,SUCCESS,2026-08-05 04:04:42
TXN-90790,4200.0,INR,UPI,MER-1051,ORD-90790,SUCCESS,2026-08-05 04:13:42
TXN-90791,1250.0,INR,CARD,MER-1024,ORD-90791,SUCCESS,2026-08-05 04:20:51
TXN-90792,199.0,INR,CARD,MER-1014,ORD-90792,FAILED,2026-08-05 04:26:26
TXN-90793,2899.0,INR,NETBANKING,MER-1021,ORD-90793,SUCCESS,2026-08-05 04:34:06
TXN-90794,12500.0,INR,NETBANKING,MER-1069,ORD-90794,SUCCESS,2026-08-05 04:39:42
TXN-90795,199.0,INR,CARD,MER-1025,ORD-90795,SUCCESS,2026-08-05 04:50:00
TXN-90796,1999.0,INR,NETBANKING,MER-1014,ORD-90796,SUCCESS,2026-08-05 04:55:33
TXN-90797,12500.0,INR,NETBANKING,MER-1037,ORD-90797,SUCCESS,2026-08-05 05:04:07
TXN-90798,199.0,INR,UPI,MER-1094,ORD-90798,FAILED,2026-08-05 05:09:40
TXN-90799,999.0,INR,CARD,MER-1093,ORD-90799,SUCCESS,2026-08-05 05:13:10
TXN-90800,8999.0,INR,NETBANKING,MER-1036,ORD-90800,SUCCESS,2026-08-05 05:25:06
TXN-90801,8999.0,INR,UPI,MER-1084,ORD-90801,SUCCESS,2026-08-05 05:28:59
TXN-90802,799.0,INR,UPI,MER-1091,ORD-90802,SUCCESS,2026-08-05 05:39:06
TXN-90803,999.0,INR,CARD,MER-1066,ORD-90803,SUCCESS,2026-08-05 05:46:08
TXN-90804,2899.0,INR,NETBANKING,MER-1051,ORD-90804,SUCCESS,2026-08-05 05:50:54
TXN-90805,1999.0,INR,NETBANKING,MER-1084,ORD-90805,SUCCESS,2026-08-05 05:57:02
TXN-90806,12500.0,INR,UPI,MER-1074,ORD-90806,SUCCESS,2026-08-05 06:02:53
TXN-90807,12500.0,INR,UPI,MER-1080,ORD-90807,SUCCESS,2026-08-05 06:09:48
TXN-90808,6750.0,INR,UPI,MER-1082,ORD-90808,SUCCESS,2026-08-05 06:18:00
TXN-90809,3499.0,INR,CARD,MER-1064,ORD-90809,SUCCESS,2026-08-05 06:27:46
TXN-90810,499.0,INR,NETBANKING,MER-1084,ORD-90810,SUCCESS,2026-08-05 06:33:20
TXN-90811,1999.0,INR,CARD,MER-1093,ORD-90811,FAILED,2026-08-05 06:40:25
TXN-90812,2899.0,INR,UPI,MER-1001,ORD-90812,SUCCESS,2026-08-05 06:47:07
TXN-90813,499.0,INR,CARD,MER-1018,ORD-90813,SUCCESS,2026-08-05 06:53:41
TXN-90814,6750.0,INR,NETBANKING,MER-1043,ORD-90814,PENDING,2026-08-05 06:59:15
TXN-90815,4200.0,INR,CARD,MER-1088,ORD-90815,SUCCESS,2026-08-05 07:07:00
TXN-90816,2899.0,INR,NETBANKING,MER-1029,ORD-90816,SUCCESS,2026-08-05 07:15:13
TXN-90817,199.0,INR,CARD,MER-1081,ORD-90817,SUCCESS,2026-08-05 07:21:49
TXN-90818,799.0,INR,NETBANKING,MER-1010,ORD-90818,SUCCESS,2026-08-05 07:29:58
TXN-90819,499.0,INR,CARD,MER-1068,ORD-90819,SUCCESS,2026-08-05 07:36:47
TXN-90820,799.0,INR,UPI,MER-1062,ORD-90820,SUCCESS,2026-08-05 07:43:17
TXN-90821,199.0,INR,UPI,MER-1081,ORD-90821,SUCCESS,2026-08-05 07:47:17
TXN-90822,2899.0,INR,CARD,MER-1032,ORD-90822,SUCCESS,2026-08-05 07:56:03
TXN-90823,6750.0,INR,NETBANKING,MER-1050,ORD-90823,SUCCESS,2026-08-05 08:03:00
TXN-90824,799.0,INR,UPI,MER-1091,ORD-90824,SUCCESS,2026-08-05 08:13:55
TXN-90825,12500.0,INR,UPI,MER-1089,ORD-90825,PENDING,2026-08-05 08:15:47
TXN-90826,1499.0,INR,UPI,MER-1014,ORD-90826,SUCCESS,2026-08-05 08:23:00
TXN-90827,6750.0,INR,NETBANKING,MER-1090,ORD-90827,SUCCESS,2026-08-05 08:29:50
TXN-90828,6750.0,INR,UPI,MER-1044,ORD-90828,SUCCESS,2026-08-05 08:38:58
TXN-90829,299.0,INR,CARD,MER-1080,ORD-90829,SUCCESS,2026-08-05 08:46:21
TXN-90830,8999.0,INR,CARD,MER-1091,ORD-90830,SUCCESS,2026-08-05 08:55:20
TXN-90831,999.0,INR,NETBANKING,MER-1068,ORD-90831,SUCCESS,2026-08-05 09:02:38
TXN-90832,6750.0,INR,CARD,MER-1075,ORD-90832,SUCCESS,2026-08-05 09:05:12
TXN-90833,8999.0,INR,UPI,MER-1014,ORD-90833,SUCCESS,2026-08-05 09:11:50
TXN-90834,799.0,INR,UPI,MER-1015,ORD-90834,SUCCESS,2026-08-05 09:22:58
TXN-90835,499.0,INR,CARD,MER-1014,ORD-90835,SUCCESS,2026-08-05 09:28:26
TXN-90836,2899.0,INR,UPI,MER-1062,ORD-90836,SUCCESS,2026-08-05 09:33:07
TXN-90837,799.0,INR,UPI,MER-1029,ORD-90837,SUCCESS,2026-08-05 09:39:04
TXN-90838,2899.0,INR,NETBANKING,MER-1053,ORD-90838,SUCCESS,2026-08-05 09:47:30
TXN-90839,1250.0,INR,UPI,MER-1008,ORD-90839,SUCCESS,2026-08-05 09:57:04
TXN-90840,999.0,INR,CARD,MER-1015,ORD-90840,SUCCESS,2026-08-05 10:05:20
TXN-90841,1250.0,INR,CARD,MER-1008,ORD-90841,SUCCESS,2026-08-05 10:09:19
TXN-90842,799.0,INR,CARD,MER-1015,ORD-90842,SUCCESS,2026-08-05 10:17:55
TXN-90843,999.0,INR,CARD,MER-1031,ORD-90843,PENDING,2026-08-05 10:24:18
TXN-90844,2499.0,INR,UPI,MER-1057,ORD-90844,SUCCESS,2026-08-05 10:29:56
TXN-90845,1499.0,INR,NETBANKING,MER-1045,ORD-90845,SUCCESS,2026-08-05 10:37:09
TXN-90846,1599.0,INR,UPI,MER-1087,ORD-90846,SUCCESS,2026-08-05 10:44:31
TXN-90847,4999.0,INR,CARD,MER-1100,ORD-90847,FAILED,2026-08-05 10:53:52
TXN-90848,299.0,INR,NETBANKING,MER-1047,ORD-90848,SUCCESS,2026-08-05 11:00:23
TXN-90849,1499.0,INR,UPI,MER-1100,ORD-90849,SUCCESS,2026-08-05 11:04:29
TXN-90850,4999.0,INR,UPI,MER-1088,ORD-90850,SUCCESS,2026-08-05 11:13:29
TXN-90851,299.0,INR,NETBANKING,MER-1086,ORD-90851,SUCCESS,2026-08-05 11:20:44
TXN-90852,4200.0,INR,NETBANKING,MER-1024,ORD-90852,SUCCESS,2026-08-05 11:29:48
TXN-90853,4999.0,INR,NETBANKING,MER-1023,ORD-90853,SUCCESS,2026-08-05 11:35:17
TXN-90854,1499.0,INR,CARD,MER-1080,ORD-90854,PENDING,2026-08-05 11:39:51
TXN-90855,12500.0,INR,NETBANKING,MER-1024,ORD-90855,PENDING,2026-08-05 11:46:24
TXN-90856,1999.0,INR,CARD,MER-1036,ORD-90856,SUCCESS,2026-08-05 11:56:17
TXN-90857,4999.0,INR,CARD,MER-1034,ORD-90857,SUCCESS,2026-08-05 12:00:22
TXN-90858,799.0,INR,UPI,MER-1066,ORD-90858,PENDING,2026-08-05 12:11:30
TXN-90859,2899.0,INR,NETBANKING,MER-1015,ORD-90859,SUCCESS,2026-08-05 12:16:01
TXN-90860,2899.0,INR,CARD,MER-1090,ORD-90860,SUCCESS,2026-08-05 12:23:01
TXN-90861,4999.0,INR,NETBANKING,MER-1031,ORD-90861,SUCCESS,2026-08-05 12:28:27
TXN-90862,6750.0,INR,CARD,MER-1006,ORD-90862,SUCCESS,2026-08-05 12:34:21
TXN-90863,1999.0,INR,UPI,MER-1094,ORD-90863,FAILED,2026-08-05 12:43:26
TXN-90864,2899.0,INR,UPI,MER-1074,ORD-90864,FAILED,2026-08-05 12:52:19
TXN-90865,12500.0,INR,CARD,MER-1091,ORD-90865,SUCCESS,2026-08-05 12:56:08
TXN-90866,3499.0,INR,CARD,MER-1015,ORD-90866,SUCCESS,2026-08-05 13:05:38
TXN-90867,8999.0,INR,NETBANKING,MER-1050,ORD-90867,SUCCESS,2026-08-05 13:10:29
TXN-90868,1599.0,INR,UPI,MER-1093,ORD-90868,SUCCESS,2026-08-05 13:21:15
TXN-90869,6750.0,INR,NETBANKING,MER-1039,ORD-90869,PENDING,2026-08-05 13:25:04
TXN-90870,4999.0,INR,UPI,MER-1100,ORD-90870,SUCCESS,2026-08-05 13:35:30
TXN-90871,199.0,INR,CARD,MER-1028,ORD-90871,SUCCESS,2026-08-05 13:42:12
TXN-90872,1499.0,INR,NETBANKING,MER-1001,ORD-90872,SUCCESS,2026-08-05 13:45:14
TXN-90873,12500.0,INR,UPI,MER-1015,ORD-90873,SUCCESS,2026-08-05 13:54:31
TXN-90874,4999.0,INR,NETBANKING,MER-1001,ORD-90874,SUCCESS,2026-08-05 14:01:26
TXN-90875,4999.0,INR,CARD,MER-1019,ORD-90875,SUCCESS,2026-08-05 14:06:13
TXN-90876,299.0,INR,CARD,MER-1066,ORD-90876,SUCCESS,2026-08-05 14:16:13
TXN-90877,299.0,INR,UPI,MER-1057,ORD-90877,SUCCESS,2026-08-05 14:20:40
TXN-90878,299.0,INR,UPI,MER-1063,ORD-90878,SUCCESS,2026-08-05 14:31:09
TXN-90879,799.0,INR,CARD,MER-1095,ORD-90879,SUCCESS,2026-08-05 14:36:34
TXN-90880,4200.0,INR,NETBANKING,MER-1026,ORD-90880,SUCCESS,2026-08-05 14:41:49
TXN-90881,299.0,INR,UPI,MER-1090,ORD-90881,SUCCESS,2026-08-05 14:47:39
TXN-90882,3499.0,INR,CARD,MER-1031,ORD-90882,SUCCESS,2026-08-05 14:57:49
TXN-90883,1999.0,INR,NETBANKING,MER-1012,ORD-90883,PENDING,2026-08-05 15:05:55
TXN-90884,299.0,INR,CARD,MER-1040,ORD-90884,SUCCESS,2026-08-05 15:11:02
TXN-90885,799.0,INR,NETBANKING,MER-1055,ORD-90885,SUCCESS,2026-08-05 15:20:36
TXN-90886,499.0,INR,CARD,MER-1095,ORD-90886,SUCCESS,2026-08-05 15:25:28
TXN-90887,1599.0,INR,CARD,MER-1039,ORD-90887,SUCCESS,2026-08-05 15:30:16
TXN-90888,12500.0,INR,CARD,MER-1063,ORD-90888,SUCCESS,2026-08-05 15:38:32
TXN-90889,1999.0,INR,CARD,MER-1061,ORD-90889,FAILED,2026-08-05 15:46:18
TXN-90890,799.0,INR,NETBANKING,MER-1047,ORD-90890,SUCCESS,2026-08-05 15:54:07
TXN-90891,6750.0,INR,NETBANKING,MER-1086,ORD-90891,SUCCESS,2026-08-05 15:57:21
TXN-90892,199.0,INR,CARD,MER-1001,ORD-90892,SUCCESS,2026-08-05 16:06:34
TXN-90893,1250.0,INR,NETBANKING,MER-1075,ORD-90893,SUCCESS,2026-08-05 16:11:14
TXN-90894,4200.0,INR,UPI,MER-1071,ORD-90894,SUCCESS,2026-08-05 16:19:47
TXN-90895,1250.0,INR,CARD,MER-1064,ORD-90895,SUCCESS,2026-08-05 16:30:33
TXN-90896,2499.0,INR,NETBANKING,MER-1004,ORD-90896,SUCCESS,2026-08-05 16:36:40
TXN-90897,199.0,INR,NETBANKING,MER-1092,ORD-90897,SUCCESS,2026-08-05 16:42:45
TXN-90898,1599.0,INR,CARD,MER-1006,ORD-90898,SUCCESS,2026-08-05 16:48:30
TXN-90899,2899.0,INR,UPI,MER-1085,ORD-90899,SUCCESS,2026-08-05 16:55:37
TXN-90900,299.0,INR,UPI,MER-1012,ORD-90900,SUCCESS,2026-08-05 17:02:33
TXN-90901,1999.0,INR,NETBANKING,MER-1072,ORD-90901,SUCCESS,2026-08-05 17:10:24
TXN-90902,12500.0,INR,CARD,MER-1034,ORD-90902,SUCCESS,2026-08-05 17:14:12
TXN-90903,2499.0,INR,CARD,MER-1031,ORD-90903,SUCCESS,2026-08-05 17:23:19
TXN-90904,2499.0,INR,CARD,MER-1069,ORD-90904,PENDING,2026-08-05 17:31:57
TXN-90905,1499.0,INR,CARD,MER-1086,ORD-90905,SUCCESS,2026-08-05 17:39:34
TXN-90906,8999.0,INR,UPI,MER-1082,ORD-90906,SUCCESS,2026-08-05 17:47:54
TXN-90907,1999.0,INR,NETBANKING,MER-1021,ORD-90907,SUCCESS,2026-08-05 17:51:54
TXN-90908,299.0,INR,UPI,MER-1033,ORD-90908,SUCCESS,2026-08-05 17:59:32
TXN-90909,199.0,INR,UPI,MER-1088,ORD-90909,SUCCESS,2026-08-05 18:05:32
TXN-90910,3499.0,INR,UPI,MER-1038,ORD-90910,SUCCESS,2026-08-05 18:11:11
TXN-90911,299.0,INR,CARD,MER-1019,ORD-90911,SUCCESS,2026-08-05 18:18:44
TXN-90912,6750.0,INR,NETBANKING,MER-1048,ORD-90912,SUCCESS,2026-08-05 18:24:59
TXN-90913,1599.0,INR,UPI,MER-1011,ORD-90913,SUCCESS,2026-08-05 18:33:38
TXN-90914,1250.0,INR,CARD,MER-1023,ORD-90914,SUCCESS,2026-08-05 18:41:31
TXN-90915,4200.0,INR,CARD,MER-1085,ORD-90915,SUCCESS,2026-08-05 18:45:39
TXN-90916,8999.0,INR,NETBANKING,MER-1004,ORD-90916,SUCCESS,2026-08-05 18:54:15
TXN-90917,799.0,INR,NETBANKING,MER-1047,ORD-90917,PENDING,2026-08-05 19:02:31
TXN-90918,2499.0,INR,NETBANKING,MER-1001,ORD-90918,SUCCESS,2026-08-05 19:09:15
TXN-90919,199.0,INR,NETBANKING,MER-1080,ORD-90919,SUCCESS,2026-08-05 19:13:38
TXN-90920,1250.0,INR,UPI,MER-1025,ORD-90920,SUCCESS,2026-08-05 19:24:14
TXN-90921,1499.0,INR,NETBANKING,MER-1058,ORD-90921,SUCCESS,2026-08-05 19:32:14
TXN-90922,6750.0,INR,CARD,MER-1055,ORD-90922,SUCCESS,2026-08-05 19:35:47
TXN-90923,4200.0,INR,NETBANKING,MER-1002,ORD-90923,SUCCESS,2026-08-05 19:45:06
TXN-90924,799.0,INR,NETBANKING,MER-1037,ORD-90924,SUCCESS,2026-08-05 19:49:55
TXN-90925,8999.0,INR,UPI,MER-1010,ORD-90925,SUCCESS,2026-08-05 19:59:22
TXN-90926,12500.0,INR,CARD,MER-1005,ORD-90926,SUCCESS,2026-08-05 20:04:39
TXN-90927,8999.0,INR,UPI,MER-1025,ORD-90927,SUCCESS,2026-08-05 20:14:59
TXN-90928,1999.0,INR,NETBANKING,MER-1010,ORD-90928,SUCCESS,2026-08-05 20:17:44
TXN-90929,12500.0,INR,UPI,MER-1005,ORD-90929,FAILED,2026-08-05 20:23:46
TXN-90930,2899.0,INR,CARD,MER-1090,ORD-90930,PENDING,2026-08-05 20:35:17
TXN-90931,999.0,INR,NETBANKING,MER-1008,ORD-90931,SUCCESS,2026-08-05 20:41:40
TXN-90932,4200.0,INR,UPI,MER-1049,ORD-90932,SUCCESS,2026-08-05 20:44:58
TXN-90933,299.0,INR,CARD,MER-1037,ORD-90933,SUCCESS,2026-08-05 20:52:10
TXN-90934,6750.0,INR,CARD,MER-1083,ORD-90934,PENDING,2026-08-05 21:02:51
TXN-90935,199.0,INR,CARD,MER-1067,ORD-90935,SUCCESS,2026-08-05 21:05:24
TXN-90936,3499.0,INR,NETBANKING,MER-1004,ORD-90936,SUCCESS,2026-08-05 21:13:39
TXN-90937,1599.0,INR,CARD,MER-1091,ORD-90937,SUCCESS,2026-08-05 21:22:07
TXN-90938,2899.0,INR,CARD,MER-1025,ORD-90938,SUCCESS,2026-08-05 21:29:48
TXN-90939,6750.0,INR,NETBANKING,MER-1094,ORD-90939,SUCCESS,2026-08-05 21:35:14
TXN-90940,8999.0,INR,UPI,MER-1020,ORD-90940,SUCCESS,2026-08-05 21:41:04
TXN-90941,6750.0,INR,UPI,MER-1036,ORD-90941,SUCCESS,2026-08-05 21:50:28
TXN-90942,4999.0,INR,NETBANKING,MER-1033,ORD-90942,SUCCESS,2026-08-05 21:56:50
TXN-90943,2899.0,INR,UPI,MER-1058,ORD-90943,SUCCESS,2026-08-05 22:06:02
TXN-90944,299.0,INR,NETBANKING,MER-1089,ORD-90944,SUCCESS,2026-08-05 22:08:32
TXN-90945,299.0,INR,CARD,MER-1034,ORD-90945,PENDING,2026-08-05 22:17:14
TXN-90946,2499.0,INR,NETBANKING,MER-1073,ORD-90946,SUCCESS,2026-08-05 22:27:31
TXN-90947,299.0,INR,CARD,MER-1002,ORD-90947,SUCCESS,2026-08-05 22:33:54
TXN-90948,2899.0,INR,CARD,MER-1028,ORD-90948,SUCCESS,2026-08-05 22:38:30
TXN-90949,4200.0,INR,CARD,MER-1095,ORD-90949,SUCCESS,2026-08-05 22:45:51
TXN-90950,4200.0,INR,UPI,MER-1027,ORD-90950,SUCCESS,2026-08-05 22:55:38
TXN-90951,2499.0,INR,UPI,MER-1031,ORD-90951,SUCCESS,2026-08-05 22:59:21
TXN-90952,499.0,INR,CARD,MER-1080,ORD-90952,PENDING,2026-08-05 23:08:16
TXN-90953,1499.0,INR,CARD,MER-1040,ORD-90953,SUCCESS,2026-08-05 23:15:59
TXN-90954,2499.0,INR,CARD,MER-1006,ORD-90954,PENDING,2026-08-05 23:23:53
TXN-90955,4200.0,INR,UPI,MER-1034,ORD-90955,SUCCESS,2026-08-05 23:28:39
TXN-90956,1999.0,INR,CARD,MER-1005,ORD-90956,SUCCESS,2026-08-05 23:34:37
TXN-90957,2499.0,INR,NETBANKING,MER-1067,ORD-90957,SUCCESS,2026-08-05 23:40:28
TXN-90958,1599.0,INR,CARD,MER-1066,ORD-90958,SUCCESS,2026-08-05 23:51:32
TXN-90959,4999.0,INR,NETBANKING,MER-1065,ORD-90959,SUCCESS,2026-08-05 23:54:16
TXN-90960,12500.0,INR,CARD,MER-1091,ORD-90960,SUCCESS,2026-08-06 00:03:15
TXN-90961,1599.0,INR,UPI,MER-1077,ORD-90961,SUCCESS,2026-08-06 00:08:48
TXN-90962,1999.0,INR,UPI,MER-1050,ORD-90962,SUCCESS,2026-08-06 00:16:20
TXN-90963,2899.0,INR,UPI,MER-1049,ORD-90963,SUCCESS,2026-08-06 00:23:40
TXN-90964,2499.0,INR,NETBANKING,MER-1005,ORD-90964,SUCCESS,2026-08-06 00:33:13
TXN-90965,1499.0,INR,NETBANKING,MER-1009,ORD-90965,SUCCESS,2026-08-06 00:37:17
TXN-90966,6750.0,INR,UPI,MER-1031,ORD-90966,SUCCESS,2026-08-06 00:43:32
TXN-90967,6750.0,INR,NETBANKING,MER-1062,ORD-90967,SUCCESS,2026-08-06 00:51:08
TXN-90968,499.0,INR,CARD,MER-1097,ORD-90968,SUCCESS,2026-08-06 00:58:27
TXN-90969,1999.0,INR,CARD,MER-1090,ORD-90969,SUCCESS,2026-08-06 01:08:31
TXN-90970,8999.0,INR,UPI,MER-1005,ORD-90970,PENDING,2026-08-06 01:11:13
TXN-90971,8999.0,INR,CARD,MER-1016,ORD-90971,SUCCESS,2026-08-06 01:21:20
TXN-90972,2499.0,INR,UPI,MER-1023,ORD-90972,SUCCESS,2026-08-06 01:25:51
TXN-90973,8999.0,INR,CARD,MER-1071,ORD-90973,SUCCESS,2026-08-06 01:34:33
TXN-90974,1599.0,INR,UPI,MER-1008,ORD-90974,SUCCESS,2026-08-06 01:41:22
TXN-90975,999.0,INR,NETBANKING,MER-1095,ORD-90975,PENDING,2026-08-06 01:46:38
TXN-90976,2899.0,INR,NETBANKING,MER-1080,ORD-90976,SUCCESS,2026-08-06 01:56:25
TXN-90977,1499.0,INR,UPI,MER-1095,ORD-90977,SUCCESS,2026-08-06 02:00:11
TXN-90978,2499.0,INR,UPI,MER-1081,ORD-90978,SUCCESS,2026-08-06 02:06:29
TXN-90979,1250.0,INR,CARD,MER-1029,ORD-90979,SUCCESS,2026-08-06 02:16:09
TXN-90980,12500.0,INR,CARD,MER-1086,ORD-90980,FAILED,2026-08-06 02:21:21
TXN-90981,8999.0,INR,NETBANKING,MER-1031,ORD-90981,SUCCESS,2026-08-06 02:30:36
TXN-90982,299.0,INR,NETBANKING,MER-1015,ORD-90982,PENDING,2026-08-06 02:38:04
TXN-90983,2499.0,INR,NETBANKING,MER-1061,ORD-90983,SUCCESS,2026-08-06 02:44:10
TXN-90984,199.0,INR,UPI,MER-1099,ORD-90984,SUCCESS,2026-08-06 02:53:55
TXN-90985,8999.0,INR,UPI,MER-1043,ORD-90985,SUCCESS,2026-08-06 03:00:03
TXN-90986,199.0,INR,NETBANKING,MER-1022,ORD-90986,SUCCESS,2026-08-06 03:02:55
TXN-90987,199.0,INR,UPI,MER-1027,ORD-90987,SUCCESS,2026-08-06 03:09:17
TXN-90988,1499.0,INR,CARD,MER-1068,ORD-90988,SUCCESS,2026-08-06 03:20:36
TXN-90989,299.0,INR,UPI,MER-1096,ORD-90989,PENDING,2026-08-06 03:24:01
TXN-90990,2899.0,INR,NETBANKING,MER-1041,ORD-90990,SUCCESS,2026-08-06 03:32:05
TXN-90991,199.0,INR,UPI,MER-1021,ORD-90991,SUCCESS,2026-08-06 03:38:54
TXN-90992,199.0,INR,UPI,MER-1036,ORD-90992,SUCCESS,2026-08-06 03:47:41
TXN-90993,8999.0,INR,UPI,MER-1002,ORD-90993,SUCCESS,2026-08-06 03:55:43
TXN-90994,1599.0,INR,UPI,MER-1074,ORD-90994,SUCCESS,2026-08-06 04:02:36
TXN-90995,299.0,INR,CARD,MER-1004,ORD-90995,SUCCESS,2026-08-06 04:07:49
TXN-90996,999.0,INR,NETBANKING,MER-1084,ORD-90996,SUCCESS,2026-08-06 04:16:55
TXN-90997,999.0,INR,CARD,MER-1016,ORD-90997,SUCCESS,2026-08-06 04:24:10
TXN-90998,1999.0,INR,UPI,MER-1081,ORD-90998,SUCCESS,2026-08-06 04:30:57
TXN-90999,6750.0,INR,NETBANKING,MER-1020,ORD-90999,PENDING,2026-08-06 04:33:50
TXN-91000,6750.0,INR,UPI,MER-1033,ORD-91000,SUCCESS,2026-08-06 04:44:50
TXN-91001,3499.0,INR,CARD,MER-1007,ORD-91001,SUCCESS,2026-08-06 04:47:35
TXN-91002,1250.0,INR,UPI,MER-1032,ORD-91002,SUCCESS,2026-08-06 04:59:40
TXN-91003,1499.0,INR,NETBANKING,MER-1048,ORD-91003,SUCCESS,2026-08-06 05:04:09
TXN-91004,4200.0,INR,CARD,MER-1073,ORD-91004,SUCCESS,2026-08-06 05:11:58
TXN-91005,4999.0,INR,UPI,MER-1008,ORD-91005,SUCCESS,2026-08-06 05:17:20
TXN-91006,4200.0,INR,CARD,MER-1064,ORD-91006,SUCCESS,2026-08-06 05:23:43
TXN-91007,12500.0,INR,UPI,MER-1098,ORD-91007,SUCCESS,2026-08-06 05:34:43
TXN-91008,799.0,INR,CARD,MER-1002,ORD-91008,SUCCESS,2026-08-06 05:39:02
TXN-91009,2899.0,INR,CARD,MER-1070,ORD-91009,SUCCESS,2026-08-06 05:48:40
TXN-91010,3499.0,INR,CARD,MER-1078,ORD-91010,PENDING,2026-08-06 05:55:48
TXN-91011,4200.0,INR,UPI,MER-1064,ORD-91011,SUCCESS,2026-08-06 06:00:48
TXN-91012,4999.0,INR,CARD,MER-1078,ORD-91012,SUCCESS,2026-08-06 06:05:13
TXN-91013,2499.0,INR,CARD,MER-1076,ORD-91013,SUCCESS,2026-08-06 06:15:06
TXN-91014,499.0,INR,NETBANKING,MER-1009,ORD-91014,SUCCESS,2026-08-06 06:20:54
TXN-91015,299.0,INR,UPI,MER-1090,ORD-91015,SUCCESS,2026-08-06 06:27:12
TXN-91016,1250.0,INR,CARD,MER-1039,ORD-91016,SUCCESS,2026-08-06 06:36:35
TXN-91017,3499.0,INR,CARD,MER-1057,ORD-91017,SUCCESS,2026-08-06 06:40:59
TXN-91018,8999.0,INR,CARD,MER-1027,ORD-91018,SUCCESS,2026-08-06 06:48:56
TXN-91019,4999.0,INR,UPI,MER-1033,ORD-91019,FAILED,2026-08-06 06:54:12
TXN-91020,1599.0,INR,UPI,MER-1009,ORD-91020,SUCCESS,2026-08-06 07:02:49
TXN-91021,499.0,INR,CARD,MER-1059,ORD-91021,SUCCESS,2026-08-06 07:08:17
TXN-91022,199.0,INR,CARD,MER-1054,ORD-91022,SUCCESS,2026-08-06 07:15:04
TXN-91023,1499.0,INR,NETBANKING,MER-1027,ORD-91023,SUCCESS,2026-08-06 07:25:48
TXN-91024,799.0,INR,CARD,MER-1085,ORD-91024,SUCCESS,2026-08-06 07:33:24
TXN-91025,1999.0,INR,NETBANKING,MER-1100,ORD-91025,SUCCESS,2026-08-06 07:40:35
TXN-91026,12500.0,INR,UPI,MER-1006,ORD-91026,SUCCESS,2026-08-06 07:47:14
TXN-91027,2499.0,INR,NETBANKING,MER-1059,ORD-91027,SUCCESS,2026-08-06 07:54:27
TXN-91028,499.0,INR,CARD,MER-1058,ORD-91028,SUCCESS,2026-08-06 08:00:29
TXN-91029,8999.0,INR,NETBANKING,MER-1002,ORD-91029,SUCCESS,2026-08-06 08:05:50
TXN-91030,199.0,INR,NETBANKING,MER-1027,ORD-91030,SUCCESS,2026-08-06 08:11:11
TXN-91031,1250.0,INR,NETBANKING,MER-1062,ORD-91031,FAILED,2026-08-06 08:21:25
TXN-91032,999.0,INR,NETBANKING,MER-1018,ORD-91032,SUCCESS,2026-08-06 08:24:47
TXN-91033,1499.0,INR,NETBANKING,MER-1089,ORD-91033,SUCCESS,2026-08-06 08:36:28
TXN-91034,199.0,INR,NETBANKING,MER-1051,ORD-91034,PENDING,2026-08-06 08:43:28
TXN-91035,2899.0,INR,NETBANKING,MER-1052,ORD-91035,PENDING,2026-08-06 08:50:49
TXN-91036,199.0,INR,CARD,MER-1026,ORD-91036,PENDING,2026-08-06 08:52:05
TXN-91037,12500.0,INR,UPI,MER-1072,ORD-91037,SUCCESS,2026-08-06 09:04:46
TXN-91038,12500.0,INR,CARD,MER-1095,ORD-91038,SUCCESS,2026-08-06 09:07:34
TXN-91039,299.0,INR,UPI,MER-1064,ORD-91039,SUCCESS,2026-08-06 09:17:45
TXN-91040,1499.0,INR,CARD,MER-1084,ORD-91040,SUCCESS,2026-08-06 09:25:12
TXN-91041,12500.0,INR,CARD,MER-1034,ORD-91041,SUCCESS,2026-08-06 09:29:10
TXN-91042,6750.0,INR,CARD,MER-1062,ORD-91042,FAILED,2026-08-06 09:39:27
TXN-91043,299.0,INR,UPI,MER-1061,ORD-91043,SUCCESS,2026-08-06 09:46:42
TXN-91044,12500.0,INR,CARD,MER-1044,ORD-91044,SUCCESS,2026-08-06 09:50:31
TXN-91045,4200.0,INR,UPI,MER-1032,ORD-91045,SUCCESS,2026-08-06 09:58:19
TXN-91046,299.0,INR,UPI,MER-1089,ORD-91046,SUCCESS,2026-08-06 10:06:53
TXN-91047,4200.0,INR,NETBANKING,MER-1045,ORD-91047,FAILED,2026-08-06 10:09:03
TXN-91048,199.0,INR,UPI,MER-1034,ORD-91048,SUCCESS,2026-08-06 10:19:42
TXN-91049,299.0,INR,NETBANKING,MER-1090,ORD-91049,SUCCESS,2026-08-06 10:26:46
TXN-91050,799.0,INR,CARD,MER-1069,ORD-91050,SUCCESS,2026-08-06 10:32:48
TXN-91051,1599.0,INR,NETBANKING,MER-1099,ORD-91051,SUCCESS,2026-08-06 10:40:24
TXN-91052,12500.0,INR,UPI,MER-1037,ORD-91052,SUCCESS,2026-08-06 10:45:59
TXN-91053,1999.0,INR,NETBANKING,MER-1048,ORD-91053,SUCCESS,2026-08-06 10:55:57
TXN-91054,8999.0,INR,NETBANKING,MER-1077,ORD-91054,SUCCESS,2026-08-06 10:59:58
TXN-91055,199.0,INR,UPI,MER-1044,ORD-91055,SUCCESS,2026-08-06 11:07:05
TXN-91056,1499.0,INR,NETBANKING,MER-1015,ORD-91056,SUCCESS,2026-08-06 11:17:04
TXN-91057,2499.0,INR,UPI,MER-1099,ORD-91057,SUCCESS,2026-08-06 11:23:11
TXN-91058,299.0,INR,UPI,MER-1035,ORD-91058,SUCCESS,2026-08-06 11:27:05
TXN-91059,2899.0,INR,UPI,MER-1082,ORD-91059,SUCCESS,2026-08-06 11:37:25
TXN-91060,2899.0,INR,CARD,MER-1057,ORD-91060,SUCCESS,2026-08-06 11:41:47
TXN-91061,1599.0,INR,NETBANKING,MER-1042,ORD-91061,PENDING,2026-08-06 11:49:29
TXN-91062,4200.0,INR,NETBANKING,MER-1012,ORD-91062,SUCCESS,2026-08-06 11:54:39
TXN-91063,799.0,INR,UPI,MER-1089,ORD-91063,SUCCESS,2026-08-06 12:05:20
TXN-91064,6750.0,INR,UPI,MER-1083,ORD-91064,SUCCESS,2026-08-06 12:13:57
TXN-91065,4200.0,INR,NETBANKING,MER-1024,ORD-91065,SUCCESS,2026-08-06 12:15:27
TXN-91066,1499.0,INR,UPI,MER-1044,ORD-91066,SUCCESS,2026-08-06 12:24:09
TXN-91067,3499.0,INR,CARD,MER-1056,ORD-91067,SUCCESS,2026-08-06 12:34:23
TXN-91068,199.0,INR,CARD,MER-1091,ORD-91068,SUCCESS,2026-08-06 12:41:11
TXN-91069,799.0,INR,NETBANKING,MER-1098,ORD-91069,PENDING,2026-08-06 12:46:13
TXN-91070,999.0,INR,CARD,MER-1004,ORD-91070,SUCCESS,2026-08-06 12:53:31
TXN-91071,1599.0,INR,UPI,MER-1096,ORD-91071,SUCCESS,2026-08-06 13:01:11
TXN-91072,1499.0,INR,NETBANKING,MER-1043,ORD-91072,SUCCESS,2026-08-06 13:06:29
TXN-91073,8999.0,INR,UPI,MER-1058,ORD-91073,SUCCESS,2026-08-06 13:16:05
TXN-91074,1999.0,INR,UPI,MER-1070,ORD-91074,SUCCESS,2026-08-06 13:20:45
TXN-91075,299.0,INR,CARD,MER-1094,ORD-91075,SUCCESS,2026-08-06 13:27:56
TXN-91076,999.0,INR,UPI,MER-1029,ORD-91076,SUCCESS,2026-08-06 13:34:49
TXN-91077,499.0,INR,NETBANKING,MER-1052,ORD-91077,SUCCESS,2026-08-06 13:43:25
TXN-91078,6750.0,INR,CARD,MER-1045,ORD-91078,FAILED,2026-08-06 13:50:11
TXN-91079,299.0,INR,NETBANKING,MER-1097,ORD-91079,SUCCESS,2026-08-06 13:57:52
TXN-91080,1599.0,INR,CARD,MER-1001,ORD-91080,SUCCESS,2026-08-06 14:03:28
TXN-91081,1999.0,INR,CARD,MER-1041,ORD-91081,FAILED,2026-08-06 14:09:58
TXN-91082,3499.0,INR,CARD,MER-1069,ORD-91082,FAILED,2026-08-06 14:18:38
TXN-91083,3499.0,INR,NETBANKING,MER-1097,ORD-91083,SUCCESS,2026-08-06 14:26:02
TXN-91084,299.0,INR,NETBANKING,MER-1097,ORD-91084,SUCCESS,2026-08-06 14:33:40
TXN-91085,4999.0,INR,NETBANKING,MER-1084,ORD-91085,SUCCESS,2026-08-06 14:40:47
TXN-91086,199.0,INR,CARD,MER-1013,ORD-91086,SUCCESS,2026-08-06 14:45:11
TXN-91087,8999.0,INR,CARD,MER-1093,ORD-91087,FAILED,2026-08-06 14:50:14
TXN-91088,1499.0,INR,NETBANKING,MER-1026,ORD-91088,SUCCESS,2026-08-06 15:01:41
TXN-91089,4200.0,INR,UPI,MER-1015,ORD-91089,SUCCESS,2026-08-06 15:05:38
TXN-91090,3499.0,INR,CARD,MER-1037,ORD-91090,SUCCESS,2026-08-06 15:12:38
TXN-91091,3499.0,INR,NETBANKING,MER-1029,ORD-91091,SUCCESS,2026-08-06 15:20:50
TXN-91092,6750.0,INR,CARD,MER-1001,ORD-91092,SUCCESS,2026-08-06 15:27:47
TXN-91093,199.0,INR,UPI,MER-1070,ORD-91093,SUCCESS,2026-08-06 15:36:47
TXN-91094,1999.0,INR,NETBANKING,MER-1082,ORD-91094,SUCCESS,2026-08-06 15:43:07
TXN-91095,12500.0,INR,NETBANKING,MER-1089,ORD-91095,SUCCESS,2026-08-06 15:48:22
TXN-91096,1499.0,INR,CARD,MER-1064,ORD-91096,SUCCESS,2026-08-06 15:52:01
TXN-91097,12500.0,INR,NETBANKING,MER-1032,ORD-91097,SUCCESS,2026-08-06 16:04:03
TXN-91098,6750.0,INR,CARD,MER-1098,ORD-91098,FAILED,2026-08-06 16:11:49
TXN-91099,8999.0,INR,UPI,MER-1052,ORD-91099,SUCCESS,2026-08-06 16:16:06
TXN-91100,4200.0,INR,UPI,MER-1003,ORD-91100,SUCCESS,2026-08-06 16:24:33
TXN-91101,1599.0,INR,CARD,MER-1077,ORD-91101,SUCCESS,2026-08-06 16:29:04
TXN-91102,2499.0,INR,UPI,MER-1096,ORD-91102,SUCCESS,2026-08-06 16:39:10
TXN-91103,4200.0,INR,NETBANKING,MER-1065,ORD-91103,PENDING,2026-08-06 16:41:14
TXN-91104,8999.0,INR,NETBANKING,MER-1045,ORD-91104,SUCCESS,2026-08-06 16:49:37
TXN-91105,6750.0,INR,CARD,MER-1030,ORD-91105,SUCCESS,2026-08-06 17:00:31
TXN-91106,4200.0,INR,NETBANKING,MER-1011,ORD-91106,PENDING,2026-08-06 17:05:21
TXN-91107,12500.0,INR,UPI,MER-1006,ORD-91107,SUCCESS,2026-08-06 17:10:14
TXN-91108,999.0,INR,UPI,MER-1099,ORD-91108,SUCCESS,2026-08-06 17:18:22
TXN-91109,4200.0,INR,CARD,MER-1086,ORD-91109,SUCCESS,2026-08-06 17:26:33
TXN-91110,2499.0,INR,NETBANKING,MER-1048,ORD-91110,SUCCESS,2026-08-06 17:30:56
TXN-91111,2899.0,INR,CARD,MER-1034,ORD-91111,SUCCESS,2026-08-06 17:42:55
TXN-91112,199.0,INR,UPI,MER-1090,ORD-91112,SUCCESS,2026-08-06 17:44:16
TXN-91113,6750.0,INR,CARD,MER-1088,ORD-91113,SUCCESS,2026-08-06 17:56:23
TXN-91114,1499.0,INR,UPI,MER-1034,ORD-91114,SUCCESS,2026-08-06 18:00:32
TXN-91115,3499.0,INR,CARD,MER-1071,ORD-91115,PENDING,2026-08-06 18:05:18
TXN-91116,2499.0,INR,UPI,MER-1010,ORD-91116,SUCCESS,2026-08-06 18:13:13
TXN-91117,1999.0,INR,NETBANKING,MER-1061,ORD-91117,SUCCESS,2026-08-06 18:21:11
TXN-91118,8999.0,INR,NETBANKING,MER-1046,ORD-91118,SUCCESS,2026-08-06 18:30:13
TXN-91119,12500.0,INR,UPI,MER-1005,ORD-91119,SUCCESS,2026-08-06 18:35:08
TXN-91120,2899.0,INR,CARD,MER-1010,ORD-91120,SUCCESS,2026-08-06 18:40:15
TXN-91121,499.0,INR,UPI,MER-1014,ORD-91121,SUCCESS,2026-08-06 18:52:46
TXN-91122,4200.0,INR,CARD,MER-1079,ORD-91122,SUCCESS,2026-08-06 18:55:02
TXN-91123,3499.0,INR,NETBANKING,MER-1009,ORD-91123,SUCCESS,2026-08-06 19:06:55
TXN-91124,2899.0,INR,CARD,MER-1005,ORD-91124,PENDING,2026-08-06 19:13:43
TXN-91125,1599.0,INR,CARD,MER-1065,ORD-91125,SUCCESS,2026-08-06 19:19:43
TXN-91126,299.0,INR,CARD,MER-1044,ORD-91126,SUCCESS,2026-08-06 19:22:45
TXN-91127,2499.0,INR,UPI,MER-1083,ORD-91127,FAILED,2026-08-06 19:31:08
TXN-91128,2899.0,INR,UPI,MER-1024,ORD-91128,SUCCESS,2026-08-06 19:40:56
TXN-91129,1250.0,INR,NETBANKING,MER-1083,ORD-91129,SUCCESS,2026-08-06 19:44:53
TXN-91130,299.0,INR,UPI,MER-1004,ORD-91130,SUCCESS,2026-08-06 19:52:10
TXN-91131,999.0,INR,UPI,MER-1062,ORD-91131,FAILED,2026-08-06 19:57:31
TXN-91132,12500.0,INR,UPI,MER-1041,ORD-91132,SUCCESS,2026-08-06 20:09:06
TXN-91133,299.0,INR,CARD,MER-1089,ORD-91133,SUCCESS,2026-08-06 20:16:29
TXN-91134,1250.0,INR,NETBANKING,MER-1008,ORD-91134,SUCCESS,2026-08-06 20:23:07
TXN-91135,1250.0,INR,UPI,MER-1058,ORD-91135,SUCCESS,2026-08-06 20:30:12
TXN-91136,2499.0,INR,UPI,MER-1001,ORD-91136,SUCCESS,2026-08-06 20:35:17
TXN-91137,8999.0,INR,CARD,MER-1063,ORD-91137,SUCCESS,2026-08-06 20:42:51
TXN-91138,3499.0,INR,CARD,MER-1088,ORD-91138,SUCCESS,2026-08-06 20:47:42
TXN-91139,3499.0,INR,NETBANKING,MER-1046,ORD-91139,SUCCESS,2026-08-06 20:54:08
TXN-91140,2899.0,INR,UPI,MER-1085,ORD-91140,SUCCESS,2026-08-06 21:05:20
TXN-91141,499.0,INR,NETBANKING,MER-1073,ORD-91141,SUCCESS,2026-08-06 21:07:13
TXN-91142,3499.0,INR,UPI,MER-1040,ORD-91142,PENDING,2026-08-06 21:14:02
TXN-91143,4200.0,INR,UPI,MER-1014,ORD-91143,SUCCESS,2026-08-06 21:25:13
TXN-91144,8999.0,INR,NETBANKING,MER-1059,ORD-91144,SUCCESS,2026-08-06 21:29:57
TXN-91145,12500.0,INR,NETBANKING,MER-1004,ORD-91145,SUCCESS,2026-08-06 21:35:37
TXN-91146,12500.0,INR,CARD,MER-1025,ORD-91146,SUCCESS,2026-08-06 21:42:15
TXN-91147,999.0,INR,UPI,MER-1078,ORD-91147,SUCCESS,2026-08-06 21:50:31
TXN-91148,3499.0,INR,CARD,MER-1004,ORD-91148,PENDING,2026-08-06 22:01:12
TXN-91149,2499.0,INR,CARD,MER-1072,ORD-91149,FAILED,2026-08-06 22:07:12
TXN-91150,2499.0,INR,UPI,MER-1090,ORD-91150,SUCCESS,2026-08-06 22:10:16
TXN-91151,299.0,INR,CARD,MER-1053,ORD-91151,SUCCESS,2026-08-06 22:22:09
TXN-91152,1599.0,INR,CARD,MER-1099,ORD-91152,SUCCESS,2026-08-06 22:27:58
TXN-91153,1599.0,INR,UPI,MER-1088,ORD-91153,SUCCESS,2026-08-06 22:34:17
TXN-91154,1250.0,INR,NETBANKING,MER-1071,ORD-91154,SUCCESS,2026-08-06 22:40:19
TXN-91155,1499.0,INR,CARD,MER-1082,ORD-91155,SUCCESS,2026-08-06 22:46:38
TXN-91156,1250.0,INR,CARD,MER-1008,ORD-91156,SUCCESS,2026-08-06 22:56:34
TXN-91157,499.0,INR,CARD,MER-1039,ORD-91157,SUCCESS,2026-08-06 22:59:05
TXN-91158,299.0,INR,UPI,MER-1033,ORD-91158,SUCCESS,2026-08-06 23:09:51
TXN-91159,6750.0,INR,CARD,MER-1064,ORD-91159,SUCCESS,2026-08-06 23:17:00
TXN-91160,2499.0,INR,CARD,MER-1080,ORD-91160,PENDING,2026-08-06 23:24:07
TXN-91161,12500.0,INR,CARD,MER-1045,ORD-91161,SUCCESS,2026-08-06 23:27:43
TXN-91162,2499.0,INR,CARD,MER-1008,ORD-91162,SUCCESS,2026-08-06 23:35:16
TXN-91163,799.0,INR,CARD,MER-1050,ORD-91163,SUCCESS,2026-08-06 23:43:42
TXN-91164,3499.0,INR,CARD,MER-1086,ORD-91164,SUCCESS,2026-08-06 23:53:33
TXN-91165,299.0,INR,UPI,MER-1074,ORD-91165,SUCCESS,2026-08-06 23:58:57
TXN-91166,999.0,INR,NETBANKING,MER-1006,ORD-91166,SUCCESS,2026-08-07 00:03:47
TXN-91167,1999.0,INR,CARD,MER-1021,ORD-91167,SUCCESS,2026-08-07 00:12:59
TXN-91168,199.0,INR,UPI,MER-1034,ORD-91168,SUCCESS,2026-08-07 00:16:49
TXN-91169,12500.0,INR,UPI,MER-1066,ORD-91169,SUCCESS,2026-08-07 00:24:57
TXN-91170,4999.0,INR,NETBANKING,MER-1040,ORD-91170,SUCCESS,2026-08-07 00:32:24
TXN-91171,499.0,INR,CARD,MER-1047,ORD-91171,SUCCESS,2026-08-07 00:39:01
TXN-91172,199.0,INR,NETBANKING,MER-1097,ORD-91172,SUCCESS,2026-08-07 00:49:41
TXN-91173,2899.0,INR,NETBANKING,MER-1048,ORD-91173,SUCCESS,2026-08-07 00:54:35
TXN-91174,299.0,INR,NETBANKING,MER-1090,ORD-91174,FAILED,2026-08-07 01:03:13
TXN-91175,4200.0,INR,UPI,MER-1047,ORD-91175,SUCCESS,2026-08-07 01:07:17
TXN-91176,1599.0,INR,UPI,MER-1008,ORD-91176,SUCCESS,2026-08-07 01:15:12
TXN-91177,1250.0,INR,CARD,MER-1050,ORD-91177,PENDING,2026-08-07 01:22:37
TXN-91178,299.0,INR,CARD,MER-1059,ORD-91178,SUCCESS,2026-08-07 01:30:25
TXN-91179,499.0,INR,UPI,MER-1009,ORD-91179,SUCCESS,2026-08-07 01:38:18
TXN-91180,1250.0,INR,UPI,MER-1014,ORD-91180,PENDING,2026-08-07 01:41:40
TXN-91181,499.0,INR,UPI,MER-1005,ORD-91181,SUCCESS,2026-08-07 01:50:46
TXN-91182,1499.0,INR,CARD,MER-1017,ORD-91182,SUCCESS,2026-08-07 01:59:19
TXN-91183,12500.0,INR,NETBANKING,MER-1048,ORD-91183,SUCCESS,2026-08-07 02:06:19
TXN-91184,199.0,INR,UPI,MER-1082,ORD-91184,SUCCESS,2026-08-07 02:13:25
TXN-91185,4999.0,INR,CARD,MER-1097,ORD-91185,SUCCESS,2026-08-07 02:15:37
TXN-91186,2499.0,INR,CARD,MER-1038,ORD-91186,SUCCESS,2026-08-07 02:26:15
TXN-91187,12500.0,INR,CARD,MER-1035,ORD-91187,SUCCESS,2026-08-07 02:34:33
TXN-91188,3499.0,INR,CARD,MER-1094,ORD-91188,SUCCESS,2026-08-07 02:40:48
TXN-91189,999.0,INR,NETBANKING,MER-1009,ORD-91189,SUCCESS,2026-08-07 02:47:13
TXN-91190,799.0,INR,CARD,MER-1013,ORD-91190,SUCCESS,2026-08-07 02:53:03
TXN-91191,2899.0,INR,UPI,MER-1007,ORD-91191,SUCCESS,2026-08-07 02:57:29
TXN-91192,2899.0,INR,CARD,MER-1083,ORD-91192,SUCCESS,2026-08-07 03:04:23
TXN-91193,299.0,INR,NETBANKING,MER-1049,ORD-91193,SUCCESS,2026-08-07 03:15:15
TXN-91194,499.0,INR,UPI,MER-1031,ORD-91194,SUCCESS,2026-08-07 03:18:54
TXN-91195,2899.0,INR,CARD,MER-1099,ORD-91195,SUCCESS,2026-08-07 03:26:16
TXN-91196,1599.0,INR,NETBANKING,MER-1067,ORD-91196,SUCCESS,2026-08-07 03:36:33
TXN-91197,1599.0,INR,NETBANKING,MER-1082,ORD-91197,SUCCESS,2026-08-07 03:43:51
TXN-91198,1599.0,INR,CARD,MER-1018,ORD-91198,SUCCESS,2026-08-07 03:46:42
TXN-91199,8999.0,INR,NETBANKING,MER-1060,ORD-91199,SUCCESS,2026-08-07 03:58:23
TXN-DEMO-SUCCESS,3499.0,INR,UPI,MER-DEMO-1,ORD-SUCCESS,SUCCESS,2026-08-03 08:15:00
TXN-DEMO-DELAYED,5000.0,INR,CARD,MER-DEMO-2,ORD-DELAYED,PENDING,2026-08-03 09:15:00
TXN-DEMO-FAILED,5000.0,INR,NETBANKING,MER-DEMO-3,ORD--FAILED,FAILED,2026-08-03 10:15:00
TXN-DEMO-MISMATCH,5000.0,INR,UPI,MER-DEMO-4,ORD-ISMATCH,SUCCESS,2026-08-03 11:15:00
TXN-DEMO-UNKNOWN,2750.0,INR,CARD,MER-DEMO-5,ORD-UNKNOWN,FAILED,2026-08-03 12:15:00
